sentence_number,pid
85,eicwgihgtp0
95,eicwgihgtp0
92,eicwgihgtp0
99,eicwgihgtp0
94,eicwgihgtp1
49,eicwgihgtp1
7,eicwgihgtp1
66,eicwgihgtp1
26,eicwgihgtp1
59,eicwgihgtp1
36,eicwgihgtp1
35,eicwgihgtp1
38,eicwgihgtp1
54,eicwgihgtp1
95,eicwgihgtp1
32,eicwgihgtp1
92,eicwgihgtp1
40,eicwgihgtp1
77,eicwgihgtp1
74,eicwgihgtp1
23,eicwgihgtp1
11,eicwgihgtp1
86,eicwgihgtp1
81,eicwgihgtp1
29,eicwgihgtp1
52,eicwgihgtp1
47,eicwgihgtp1
85,eicwgihgtp1
83,eicwgihgtp1
78,eicwgihgtp1
31,eicwgihgtp1
42,eicwgihgtp1
25,eicwgihgtp1
22,eicwgihgtp1
84,eicwgihgtp1
48,eicwgihgtp1
67,eicwgihgtp1
21,eicwgihgtp1
20,eicwgihgtp1
75,eicwgihgtp1
8,eicwgihgtp1
82,eicwgihgtp1
65,eicwgihgtp1
27,eicwgihgtp1
3,eicwgihgtp1
15,eicwgihgtp1
91,eicwgihgtp1
97,eicwgihgtp1
87,eicwgihgtp1
63,eicwgihgtp1
89,eicwgihgtp1
73,eicwgihgtp1
56,eicwgihgtp1
56,eicwgihgtp1
4,eicwgihgtp1
45,eicwgihgtp1
53,eicwgihgtp1
99,eicwgihgtp1
30,eicwgihgtp1
44,eicwgihgtp1
71,eicwgihgtp1
71,eicwgihgtp1
16,eicwgihgtp1
58,eicwgihgtp1
12,eicwgihgtp1
55,eicwgihgtp1
50,eicwgihgtp1
76,eicwgihgtp1
62,eicwgihgtp1
33,eicwgihgtp1
43,eicwgihgtp1
0,eicwgihgtp1
96,eicwgihgtp1
69,eicwgihgtp1
9,eicwgihgtp1
90,eicwgihgtp1
5,eicwgihgtp1
64,eicwgihgtp1
80,eicwgihgtp1
10,eicwgihgtp1
28,eicwgihgtp1
68,eicwgihgtp1
19,eicwgihgtp1
94,eicwgihgtp2
49,eicwgihgtp2
86,eicwgihgtp2
1,eicwgihgtp2
7,eicwgihgtp2
78,eicwgihgtp2
66,eicwgihgtp2
69,eicwgihgtp2
93,eicwgihgtp2
95,eicwgihgtp2
6,eicwgihgtp2
21,eicwgihgtp2
38,eicwgihgtp2
36,eicwgihgtp2
82,eicwgihgtp2
24,eicwgihgtp2
54,eicwgihgtp2
34,eicwgihgtp2
92,eicwgihgtp2
39,eicwgihgtp2
77,eicwgihgtp2
59,eicwgihgtp2
12,eicwgihgtp2
17,eicwgihgtp2
14,eicwgihgtp2
46,eicwgihgtp2
85,eicwgihgtp2
62,eicwgihgtp2
61,eicwgihgtp2
47,eicwgihgtp2
42,eicwgihgtp2
4,eicwgihgtp2
22,eicwgihgtp2
43,eicwgihgtp2
79,eicwgihgtp2
20,eicwgihgtp2
8,eicwgihgtp2
3,eicwgihgtp2
15,eicwgihgtp2
16,eicwgihgtp2
87,eicwgihgtp2
23,eicwgihgtp2
63,eicwgihgtp2
40,eicwgihgtp2
97,eicwgihgtp2
26,eicwgihgtp2
52,eicwgihgtp2
56,eicwgihgtp2
83,eicwgihgtp2
96,eicwgihgtp2
29,eicwgihgtp2
72,eicwgihgtp2
11,eicwgihgtp2
57,eicwgihgtp2
53,eicwgihgtp2
58,eicwgihgtp2
32,eicwgihgtp2
84,eicwgihgtp2
74,eicwgihgtp2
65,eicwgihgtp2
31,eicwgihgtp2
35,eicwgihgtp2
70,eicwgihgtp2
99,eicwgihgtp2
44,eicwgihgtp2
71,eicwgihgtp2
55,eicwgihgtp2
64,eicwgihgtp2
67,eicwgihgtp2
50,eicwgihgtp2
25,eicwgihgtp2
41,eicwgihgtp2
45,eicwgihgtp2
33,eicwgihgtp2
88,eicwgihgtp2
60,eicwgihgtp2
68,eicwgihgtp2
18,eicwgihgtp2
75,eicwgihgtp2
98,eicwgihgtp2
37,eicwgihgtp2
28,eicwgihgtp2
9,eicwgihgtp2
90,eicwgihgtp2
2,eicwgihgtp2
76,eicwgihgtp2
30,eicwgihgtp2
13,eicwgihgtp2
73,eicwgihgtp2
81,eicwgihgtp2
10,eicwgihgtp2
51,eicwgihgtp2
89,eicwgihgtp2
27,eicwgihgtp2
5,eicwgihgtp2
91,eicwgihgtp2
80,eicwgihgtp2
48,eicwgihgtp2
19,eicwgihgtp2
9,eicwgihgtp4
41,eicwgihgtp4
93,eicwgihgtp4
21,eicwgihgtp4
38,eicwgihgtp4
36,eicwgihgtp4
54,eicwgihgtp4
34,eicwgihgtp4
39,eicwgihgtp4
12,eicwgihgtp4
84,eicwgihgtp4
85,eicwgihgtp4
46,eicwgihgtp4
42,eicwgihgtp4
22,eicwgihgtp4
43,eicwgihgtp4
79,eicwgihgtp4
95,eicwgihgtp4
8,eicwgihgtp4
72,eicwgihgtp4
63,eicwgihgtp4
26,eicwgihgtp4
4,eicwgihgtp4
87,eicwgihgtp4
11,eicwgihgtp4
94,eicwgihgtp4
32,eicwgihgtp4
74,eicwgihgtp4
65,eicwgihgtp4
99,eicwgihgtp4
35,eicwgihgtp4
44,eicwgihgtp4
71,eicwgihgtp4
27,eicwgihgtp4
50,eicwgihgtp4
92,eicwgihgtp4
96,eicwgihgtp4
29,eicwgihgtp4
58,eicwgihgtp4
28,eicwgihgtp4
2,eicwgihgtp4
51,eicwgihgtp4
89,eicwgihgtp4
5,eicwgihgtp4
91,eicwgihgtp4
80,eicwgihgtp4
6,eicwgihgtp4
49,eicwgihgtp5
7,eicwgihgtp5
28,eicwgihgtp5
38,eicwgihgtp5
36,eicwgihgtp5
26,eicwgihgtp5
65,eicwgihgtp5
71,eicwgihgtp5
85,eicwgihgtp5
52,eicwgihgtp5
62,eicwgihgtp5
42,eicwgihgtp5
22,eicwgihgtp5
95,eicwgihgtp5
92,eicwgihgtp5
8,eicwgihgtp5
63,eicwgihgtp5
1,eicwgihgtp5
87,eicwgihgtp5
57,eicwgihgtp5
94,eicwgihgtp5
83,eicwgihgtp5
58,eicwgihgtp5
90,eicwgihgtp5
99,eicwgihgtp5
35,eicwgihgtp5
50,eicwgihgtp5
45,eicwgihgtp5
80,eicwgihgtp5
31,eicwgihgtp5
37,eicwgihgtp5
89,eicwgihgtp5
30,eicwgihgtp5
73,eicwgihgtp5
0,eicwgihgtp5
6,eicwgihgtp5
92,eigcwhteigenp1
1,eigcwhteigenp1
82,eigcwhteigenp1
7,eigcwhteigenp1
63,eigcwhteigenp1
61,eigcwhteigenp1
46,eigcwhteigenp1
99,eigcwhteigenp1
79,eigcwhteigenp1
33,eigcwhteigenp1
48,eigcwhteigenp1
15,eigcwhteigenp1
56,eigcwhteigenp1
42,eigcwhteigenp1
28,eigcwhteigenp1
95,eigcwhteigenp1
50,eigcwhteigenp1
69,eigcwhteigenp1
86,eigcwhteigenp1
29,eigcwhteigenp1
26,eigcwhteigenp1
76,eigcwhteigenp1
6,eigcwhteigenp1
16,eigcwhteigenp1
37,eigcwhteigenp1
8,eigcwhteigenp1
36,eigcwhteigenp1
34,eigcwhteigenp1
84,eigcwhteigenp1
67,eigcwhteigenp1
89,eigcwhteigenp1
27,eigcwhteigenp1
94,eigcwhteigenp1
32,eigcwhteigenp1
35,eigcwhteigenp1
38,eigcwhteigenp1
87,eigcwhteigenp1
60,eigcwhteigenp1
47,eigcwhteigenp1
90,eigcwhteigenp1
43,eigcwhteigenp1
51,eigcwhteigenp1
85,eigcwhteigenp1
57,eigcwhteigenp1
39,eigcwhteigenp1
81,eigcwhteigenp1
59,eigcwhteigenp1
91,eigcwhteigenp1
97,eigcwhteigenp1
0,eigcwhteigenp1
44,eigcwhteigenp1
65,eigcwhteigenp1
96,eigcwhteigenp1
4,eigcwhteigenp1
30,eigcwhteigenp1
77,eigcwhteigenp1
2,eigcwhteigenp1
31,eigcwhteigenp1
49,eigcwhteigenp1
74,eigcwhteigenp1
5,eigcwhteigenp1
19,eigcwhteigenp1
40,eigcwhteigenp1
25,eigcwhteigenp1
68,eigcwhteigenp1
86,eigcwhteigenp2
1,eigcwhteigenp2
7,eigcwhteigenp2
96,eigcwhteigenp2
32,eigcwhteigenp2
50,eigcwhteigenp2
87,eigcwhteigenp2
73,eigcwhteigenp2
30,eigcwhteigenp2
34,eigcwhteigenp2
89,eigcwhteigenp2
94,eigcwhteigenp2
92,eigcwhteigenp2
47,eigcwhteigenp2
98,eigcwhteigenp2
90,eigcwhteigenp2
90,eigcwhteigenp2
44,eigcwhteigenp2
39,eigcwhteigenp2
81,eigcwhteigenp2
65,eigcwhteigenp2
29,eigcwhteigenp2
5,eigcwhteigenp2
6,eigcwhteigenp2
97,eigcwhteigenp2
7,eigcwhteigenp3
26,eigcwhteigenp3
28,eigcwhteigenp3
32,eigcwhteigenp3
49,eigcwhteigenp3
30,eigcwhteigenp3
36,eigcwhteigenp3
4,eigcwhteigenp3
79,eigcwhteigenp3
94,eigcwhteigenp3
96,eigcwhteigenp3
31,eigcwhteigenp3
40,eigcwhteigenp3
85,eigcwhteigenp3
39,eigcwhteigenp3
81,eigcwhteigenp3
59,eigcwhteigenp3
74,eigcwhteigenp3
29,eigcwhteigenp3
2,eigcwhteigenp3
25,eigcwhteigenp3
19,eigcwhteigenp3
97,eigcwhteigenp3
2,eigcwhteigenp4
7,eigcwhteigenp4
3,eigcwhteigenp4
99,eigcwhteigenp4
1,eigcwhteigenp4
49,eigcwhteigenp4
50,eigcwhteigenp4
26,eigcwhteigenp4
24,eigcwhteigenp4
11,eigcwhteigenp4
12,eigcwhteigenp4
9,eigcwhteigenp4
44,eigcwhteigenp4
30,eigcwhteigenp4
36,eigcwhteigenp4
34,eigcwhteigenp4
4,eigcwhteigenp4
10,eigcwhteigenp4
32,eigcwhteigenp4
85,eigcwhteigenp4
35,eigcwhteigenp4
31,eigcwhteigenp4
92,eigcwhteigenp4
13,eigcwhteigenp4
39,eigcwhteigenp4
68,eigcwhteigenp4
5,eigcwhteigenp4
0,eigcwhteigenp4
29,eigcwhteigenp4
8,eigcwhteigenp4
97,eigcwhteigenp4
91,eigcwhteigenp4
19,eigcwhteigenp4
6,eigcwhteigenp4
21,eigcwhteigenp4
92,eigcwhteigenp5
86,eigcwhteigenp5
1,eigcwhteigenp5
82,eigcwhteigenp5
7,eigcwhteigenp5
63,eigcwhteigenp5
62,eigcwhteigenp5
32,eigcwhteigenp5
56,eigcwhteigenp5
49,eigcwhteigenp5
50,eigcwhteigenp5
53,eigcwhteigenp5
98,eigcwhteigenp5
16,eigcwhteigenp5
44,eigcwhteigenp5
36,eigcwhteigenp5
34,eigcwhteigenp5
87,eigcwhteigenp5
89,eigcwhteigenp5
99,eigcwhteigenp5
79,eigcwhteigenp5
94,eigcwhteigenp5
58,eigcwhteigenp5
90,eigcwhteigenp5
31,eigcwhteigenp5
80,eigcwhteigenp5
46,eigcwhteigenp5
37,eigcwhteigenp5
47,eigcwhteigenp5
51,eigcwhteigenp5
57,eigcwhteigenp5
39,eigcwhteigenp5
81,eigcwhteigenp5
59,eigcwhteigenp5
69,eigcwhteigenp5
91,eigcwhteigenp5
74,eigcwhteigenp5
65,eigcwhteigenp5
96,eigcwhteigenp5
30,eigcwhteigenp5
29,eigcwhteigenp5
77,eigcwhteigenp5
2,eigcwhteigenp5
27,eigcwhteigenp5
28,eigcwhteigenp5
19,eigcwhteigenp5
6,eigcwhteigenp5
97,eigcwhteigenp5
40,eigcwhteigenp5
68,eigcwhteigenp5
85,eigcwhteigenp5
78,elcwevigenp1
7,elcwevigenp1
45,elcwevigenp1
44,elcwevigenp1
41,elcwevigenp1
52,elcwevigenp1
6,elcwevigenp1
83,elcwevigenp1
72,elcwevigenp1
87,elcwevigenp1
15,elcwevigenp1
36,elcwevigenp1
30,elcwevigenp1
89,elcwevigenp1
53,elcwevigenp1
98,elcwevigenp1
59,elcwevigenp1
4,elcwevigenp1
69,elcwevigenp1
75,elcwevigenp1
95,elcwevigenp1
37,elcwevigenp1
73,elcwevigenp1
39,elcwevigenp1
25,elcwevigenp1
57,elcwevigenp1
48,elcwevigenp1
49,elcwevigenp1
64,elcwevigenp1
5,elcwevigenp1
86,elcwevigenp1
50,elcwevigenp1
90,elcwevigenp1
63,elcwevigenp1
43,elcwevigenp1
27,elcwevigenp1
82,elcwevigenp1
93,elcwevigenp1
46,elcwevigenp1
68,elcwevigenp1
97,elcwevigenp1
78,elcwevigenp2
7,elcwevigenp2
32,elcwevigenp2
88,elcwevigenp2
45,elcwevigenp2
99,elcwevigenp2
82,elcwevigenp2
44,elcwevigenp2
41,elcwevigenp2
52,elcwevigenp2
21,elcwevigenp2
29,elcwevigenp2
74,elcwevigenp2
23,elcwevigenp2
83,elcwevigenp2
72,elcwevigenp2
87,elcwevigenp2
15,elcwevigenp2
67,elcwevigenp2
92,elcwevigenp2
49,elcwevigenp2
98,elcwevigenp2
36,elcwevigenp2
35,elcwevigenp2
24,elcwevigenp2
8,elcwevigenp2
89,elcwevigenp2
54,elcwevigenp2
53,elcwevigenp2
30,elcwevigenp2
69,elcwevigenp2
97,elcwevigenp2
47,elcwevigenp2
95,elcwevigenp2
86,elcwevigenp2
73,elcwevigenp2
27,elcwevigenp2
42,elcwevigenp2
18,elcwevigenp2
57,elcwevigenp2
39,elcwevigenp2
59,elcwevigenp2
25,elcwevigenp2
90,elcwevigenp2
75,elcwevigenp2
31,elcwevigenp2
94,elcwevigenp2
20,elcwevigenp2
63,elcwevigenp2
43,elcwevigenp2
81,elcwevigenp2
5,elcwevigenp2
6,elcwevigenp2
37,elcwevigenp2
93,elcwevigenp2
33,elcwevigenp2
46,elcwevigenp2
17,elcwevigenp2
78,elcwevigenp3
7,elcwevigenp3
75,elcwevigenp3
32,elcwevigenp3
10,elcwevigenp3
88,elcwevigenp3
56,elcwevigenp3
45,elcwevigenp3
16,elcwevigenp3
29,elcwevigenp3
90,elcwevigenp3
44,elcwevigenp3
55,elcwevigenp3
41,elcwevigenp3
52,elcwevigenp3
82,elcwevigenp3
85,elcwevigenp3
23,elcwevigenp3
72,elcwevigenp3
62,elcwevigenp3
34,elcwevigenp3
49,elcwevigenp3
67,elcwevigenp3
6,elcwevigenp3
92,elcwevigenp3
51,elcwevigenp3
21,elcwevigenp3
36,elcwevigenp3
24,elcwevigenp3
8,elcwevigenp3
89,elcwevigenp3
3,elcwevigenp3
14,elcwevigenp3
53,elcwevigenp3
22,elcwevigenp3
30,elcwevigenp3
1,elcwevigenp3
69,elcwevigenp3
47,elcwevigenp3
97,elcwevigenp3
38,elcwevigenp3
65,elcwevigenp3
95,elcwevigenp3
86,elcwevigenp3
73,elcwevigenp3
35,elcwevigenp3
20,elcwevigenp3
18,elcwevigenp3
71,elcwevigenp3
4,elcwevigenp3
28,elcwevigenp3
60,elcwevigenp3
43,elcwevigenp3
99,elcwevigenp3
57,elcwevigenp3
48,elcwevigenp3
66,elcwevigenp3
83,elcwevigenp3
54,elcwevigenp3
70,elcwevigenp3
59,elcwevigenp3
26,elcwevigenp3
61,elcwevigenp3
13,elcwevigenp3
31,elcwevigenp3
25,elcwevigenp3
64,elcwevigenp3
12,elcwevigenp3
0,elcwevigenp3
9,elcwevigenp3
94,elcwevigenp3
42,elcwevigenp3
63,elcwevigenp3
81,elcwevigenp3
87,elcwevigenp3
27,elcwevigenp3
5,elcwevigenp3
37,elcwevigenp3
2,elcwevigenp3
33,elcwevigenp3
11,elcwevigenp3
46,elcwevigenp3
68,elcwevigenp3
80,elcwevigenp3
74,elcwevigenp3
15,elcwevigenp3
17,elcwevigenp3
99,elcwevigenp4
78,elcwevigenp4
7,elcwevigenp4
32,elcwevigenp4
88,elcwevigenp4
82,elcwevigenp4
93,elcwevigenp4
44,elcwevigenp4
41,elcwevigenp4
52,elcwevigenp4
74,elcwevigenp4
85,elcwevigenp4
67,elcwevigenp4
15,elcwevigenp4
16,elcwevigenp4
92,elcwevigenp4
98,elcwevigenp4
36,elcwevigenp4
91,elcwevigenp4
89,elcwevigenp4
53,elcwevigenp4
30,elcwevigenp4
4,elcwevigenp4
1,elcwevigenp4
69,elcwevigenp4
47,elcwevigenp4
86,elcwevigenp4
37,elcwevigenp4
73,elcwevigenp4
29,elcwevigenp4
90,elcwevigenp4
42,elcwevigenp4
54,elcwevigenp4
49,elcwevigenp4
59,elcwevigenp4
31,elcwevigenp4
94,elcwevigenp4
25,elcwevigenp4
2,elcwevigenp4
95,elcwevigenp4
63,elcwevigenp4
43,elcwevigenp4
75,elcwevigenp4
5,elcwevigenp4
97,elcwevigenp4
27,elcwevigenp4
6,elcwevigenp4
33,elcwevigenp4
46,elcwevigenp4
68,elcwevigenp4
7,elcwevigenp5
32,elcwevigenp5
45,elcwevigenp5
44,elcwevigenp5
52,elcwevigenp5
49,elcwevigenp5
36,elcwevigenp5
89,elcwevigenp5
30,elcwevigenp5
47,elcwevigenp5
95,elcwevigenp5
27,elcwevigenp5
59,elcwevigenp5
25,elcwevigenp5
31,elcwevigenp5
4,elcwevigenp5
2,elcwevigenp5
63,elcwevigenp5
5,elcwevigenp5
33,elcwevigenp5
82,fcwiigvep1
87,fcwiigvep1
7,fcwiigvep1
79,fcwiigvep1
18,fcwiigvep1
94,fcwiigvep1
26,fcwiigvep1
84,fcwiigvep1
99,fcwiigvep1
81,fcwiigvep1
2,fcwiigvep1
89,fcwiigvep1
33,fcwiigvep1
14,fcwiigvep1
53,fcwiigvep1
90,fcwiigvep1
27,fcwiigvep1
29,fcwiigvep1
11,fcwiigvep1
13,fcwiigvep1
76,fcwiigvep1
85,fcwiigvep1
42,fcwiigvep1
23,fcwiigvep1
95,fcwiigvep1
61,fcwiigvep1
86,fcwiigvep1
35,fcwiigvep1
24,fcwiigvep1
62,fcwiigvep1
25,fcwiigvep1
8,fcwiigvep1
56,fcwiigvep1
39,fcwiigvep1
93,fcwiigvep1
3,fcwiigvep1
20,fcwiigvep1
70,fcwiigvep1
46,fcwiigvep1
41,fcwiigvep1
68,fcwiigvep1
91,fcwiigvep1
16,fcwiigvep1
67,fcwiigvep1
4,fcwiigvep1
37,fcwiigvep1
30,fcwiigvep1
49,fcwiigvep1
83,fcwiigvep1
36,fcwiigvep1
47,fcwiigvep1
92,fcwiigvep1
28,fcwiigvep1
63,fcwiigvep1
34,fcwiigvep1
15,fcwiigvep1
54,fcwiigvep1
54,fcwiigvep1
64,fcwiigvep1
48,fcwiigvep1
77,fcwiigvep1
73,fcwiigvep1
74,fcwiigvep1
74,fcwiigvep1
69,fcwiigvep1
45,fcwiigvep1
32,fcwiigvep1
12,fcwiigvep1
0,fcwiigvep1
88,fcwiigvep1
21,fcwiigvep1
1,fcwiigvep1
57,fcwiigvep1
96,fcwiigvep1
66,fcwiigvep1
10,fcwiigvep1
19,fcwiigvep1
60,fcwiigvep1
72,fcwiigvep1
38,fcwiigvep1
17,fcwiigvep1
9,fcwiigvep1
31,fcwiigvep1
52,fcwiigvep1
59,fcwiigvep1
51,fcwiigvep1
44,fcwiigvep1
78,fcwiigvep1
58,fcwiigvep1
50,fcwiigvep1
6,fcwiigvep1
71,fcwiigvep1
5,fcwiigvep1
97,fcwiigvep1
98,fcwiigvep1
65,fcwiigvep1
80,fcwiigvep1
40,fcwiigvep1
43,fcwiigvep1
22,fcwiigvep1
82,fcwiigvep2
87,fcwiigvep2
16,fcwiigvep2
79,fcwiigvep2
90,fcwiigvep2
30,fcwiigvep2
2,fcwiigvep2
1,fcwiigvep2
7,fcwiigvep2
31,fcwiigvep2
18,fcwiigvep2
84,fcwiigvep2
81,fcwiigvep2
36,fcwiigvep2
83,fcwiigvep2
51,fcwiigvep2
88,fcwiigvep2
14,fcwiigvep2
29,fcwiigvep2
75,fcwiigvep2
27,fcwiigvep2
10,fcwiigvep2
53,fcwiigvep2
11,fcwiigvep2
13,fcwiigvep2
80,fcwiigvep2
41,fcwiigvep2
85,fcwiigvep2
42,fcwiigvep2
6,fcwiigvep2
23,fcwiigvep2
68,fcwiigvep2
43,fcwiigvep2
72,fcwiigvep2
61,fcwiigvep2
76,fcwiigvep2
24,fcwiigvep2
62,fcwiigvep2
57,fcwiigvep2
25,fcwiigvep2
99,fcwiigvep2
8,fcwiigvep2
56,fcwiigvep2
39,fcwiigvep2
3,fcwiigvep2
20,fcwiigvep2
70,fcwiigvep2
46,fcwiigvep2
21,fcwiigvep2
67,fcwiigvep2
55,fcwiigvep2
78,fcwiigvep2
49,fcwiigvep2
94,fcwiigvep2
33,fcwiigvep2
92,fcwiigvep2
47,fcwiigvep2
28,fcwiigvep2
34,fcwiigvep2
15,fcwiigvep2
64,fcwiigvep2
54,fcwiigvep2
48,fcwiigvep2
69,fcwiigvep2
45,fcwiigvep2
32,fcwiigvep2
98,fcwiigvep2
63,fcwiigvep2
12,fcwiigvep2
86,fcwiigvep2
66,fcwiigvep2
96,fcwiigvep2
26,fcwiigvep2
91,fcwiigvep2
95,fcwiigvep2
60,fcwiigvep2
73,fcwiigvep2
4,fcwiigvep2
52,fcwiigvep2
17,fcwiigvep2
0,fcwiigvep2
9,fcwiigvep2
37,fcwiigvep2
89,fcwiigvep2
35,fcwiigvep2
59,fcwiigvep2
44,fcwiigvep2
58,fcwiigvep2
50,fcwiigvep2
5,fcwiigvep2
38,fcwiigvep2
71,fcwiigvep2
93,fcwiigvep2
97,fcwiigvep2
74,fcwiigvep2
22,fcwiigvep2
65,fcwiigvep2
40,fcwiigvep2
77,fcwiigvep2
19,fcwiigvep2
79,fcwiigvep3
88,fcwiigvep3
1,fcwiigvep3
94,fcwiigvep3
89,fcwiigvep3
27,fcwiigvep3
99,fcwiigvep3
11,fcwiigvep3
85,fcwiigvep3
42,fcwiigvep3
47,fcwiigvep3
53,fcwiigvep3
23,fcwiigvep3
40,fcwiigvep3
61,fcwiigvep3
76,fcwiigvep3
24,fcwiigvep3
57,fcwiigvep3
84,fcwiigvep3
8,fcwiigvep3
56,fcwiigvep3
39,fcwiigvep3
86,fcwiigvep3
4,fcwiigvep3
5,fcwiigvep3
26,fcwiigvep3
32,fcwiigvep3
92,fcwiigvep3
16,fcwiigvep3
87,fcwiigvep3
62,fcwiigvep3
54,fcwiigvep3
55,fcwiigvep3
98,fcwiigvep3
96,fcwiigvep3
17,fcwiigvep3
21,fcwiigvep3
2,fcwiigvep3
31,fcwiigvep3
90,fcwiigvep3
35,fcwiigvep3
59,fcwiigvep3
28,fcwiigvep3
44,fcwiigvep3
74,fcwiigvep3
6,fcwiigvep3
83,fcwiigvep3
43,fcwiigvep3
82,fcwiigvep4
9,fcwiigvep4
79,fcwiigvep4
89,fcwiigvep4
7,fcwiigvep4
26,fcwiigvep4
6,fcwiigvep4
11,fcwiigvep4
42,fcwiigvep4
72,fcwiigvep4
61,fcwiigvep4
91,fcwiigvep4
99,fcwiigvep4
39,fcwiigvep4
93,fcwiigvep4
70,fcwiigvep4
86,fcwiigvep4
4,fcwiigvep4
78,fcwiigvep4
33,fcwiigvep4
88,fcwiigvep4
96,fcwiigvep4
0,fcwiigvep4
36,fcwiigvep4
31,fcwiigvep4
88,fcwiigvep5
94,fcwiigvep5
97,fcwiigvep5
86,fcwiigvep5
93,fcwiigvep5
57,fcwiigvep5
84,fcwiigvep5
55,fcwiigvep5
28,fcwiigvep5
96,fcwiigvep5
21,fcwiigvep5
31,fcwiigvep5
5,fcwiigvep5
94,fcwoigurp1
39,fcwoigurp1
86,fcwoigurp1
47,fcwoigurp1
89,fcwoigurp1
28,fcwoigurp1
18,fcwoigurp1
25,fcwoigurp1
59,fcwoigurp1
4,fcwoigurp1
2,fcwoigurp1
57,fcwoigurp1
98,fcwoigurp2
91,fcwoigurp2
49,fcwoigurp2
7,fcwoigurp2
99,fcwoigurp2
33,fcwoigurp2
94,fcwoigurp2
30,fcwoigurp2
85,fcwoigurp2
21,fcwoigurp2
92,fcwoigurp2
37,fcwoigurp2
38,fcwoigurp2
47,fcwoigurp2
90,fcwoigurp2
86,fcwoigurp2
23,fcwoigurp2
68,fcwoigurp2
26,fcwoigurp2
35,fcwoigurp2
88,fcwoigurp2
34,fcwoigurp2
20,fcwoigurp2
95,fcwoigurp2
45,fcwoigurp2
71,fcwoigurp2
28,fcwoigurp2
44,fcwoigurp2
53,fcwoigurp2
63,fcwoigurp2
25,fcwoigurp2
87,fcwoigurp2
54,fcwoigurp2
59,fcwoigurp2
60,fcwoigurp2
56,fcwoigurp2
29,fcwoigurp2
27,fcwoigurp2
22,fcwoigurp2
77,fcwoigurp2
5,fcwoigurp2
39,fcwoigurp2
36,fcwoigurp2
57,fcwoigurp2
93,fcwoigurp2
99,fcwoigurp3
33,fcwoigurp3
95,fcwoigurp3
6,fcwoigurp3
14,fcwoigurp3
86,fcwoigurp3
30,fcwoigurp3
85,fcwoigurp3
51,fcwoigurp3
88,fcwoigurp3
25,fcwoigurp3
92,fcwoigurp3
47,fcwoigurp3
23,fcwoigurp3
64,fcwoigurp3
62,fcwoigurp3
37,fcwoigurp3
4,fcwoigurp3
34,fcwoigurp3
53,fcwoigurp3
35,fcwoigurp3
32,fcwoigurp3
87,fcwoigurp3
0,fcwoigurp3
59,fcwoigurp3
56,fcwoigurp3
2,fcwoigurp3
27,fcwoigurp3
5,fcwoigurp3
36,fcwoigurp3
28,fcwoigurp3
18,fcwoigurp3
58,fcwoigurp3
57,fcwoigurp3
1,fcwoigurp4
48,fcwoigurp4
33,fcwoigurp4
39,fcwoigurp4
7,fcwoigurp4
72,fcwoigurp4
30,fcwoigurp4
18,fcwoigurp4
23,fcwoigurp4
78,fcwoigurp4
29,fcwoigurp4
51,fcwoigurp4
88,fcwoigurp4
91,fcwoigurp4
38,fcwoigurp4
16,fcwoigurp4
37,fcwoigurp4
96,fcwoigurp4
80,fcwoigurp4
86,fcwoigurp4
94,fcwoigurp4
55,fcwoigurp4
26,fcwoigurp4
76,fcwoigurp4
64,fcwoigurp4
68,fcwoigurp4
27,fcwoigurp4
95,fcwoigurp4
17,fcwoigurp4
52,fcwoigurp4
40,fcwoigurp4
47,fcwoigurp4
34,fcwoigurp4
84,fcwoigurp4
58,fcwoigurp4
70,fcwoigurp4
81,fcwoigurp4
35,fcwoigurp4
83,fcwoigurp4
32,fcwoigurp4
43,fcwoigurp4
77,fcwoigurp4
54,fcwoigurp4
69,fcwoigurp4
99,fcwoigurp4
28,fcwoigurp4
59,fcwoigurp4
60,fcwoigurp4
98,fcwoigurp4
56,fcwoigurp4
71,fcwoigurp4
85,fcwoigurp4
82,fcwoigurp4
65,fcwoigurp4
36,fcwoigurp4
57,fcwoigurp4
98,fcwoigurp5
99,fcwoigurp5
86,fcwoigurp5
30,fcwoigurp5
67,fcwoigurp5
51,fcwoigurp5
25,fcwoigurp5
0,fcwoigurp5
92,fcwoigurp5
37,fcwoigurp5
47,fcwoigurp5
72,fcwoigurp5
14,fcwoigurp5
94,fcwoigurp5
71,fcwoigurp5
70,fcwoigurp5
64,fcwoigurp5
62,fcwoigurp5
21,fcwoigurp5
76,fcwoigurp5
88,fcwoigurp5
34,fcwoigurp5
15,fcwoigurp5
95,fcwoigurp5
44,fcwoigurp5
61,fcwoigurp5
63,fcwoigurp5
53,fcwoigurp5
83,fcwoigurp5
90,fcwoigurp5
91,fcwoigurp5
28,fcwoigurp5
59,fcwoigurp5
56,fcwoigurp5
2,fcwoigurp5
27,fcwoigurp5
5,fcwoigurp5
87,fcwoigurp5
18,fcwoigurp5
2,fcwoigurp5
58,fcwoigurp5
57,fcwoigurp5
93,fcwoigurp5
95,ficwfteigenp1
24,ficwfteigenp1
7,ficwfteigenp1
81,ficwfteigenp1
14,ficwfteigenp1
26,ficwfteigenp1
50,ficwfteigenp1
97,ficwfteigenp1
38,ficwfteigenp1
70,ficwfteigenp1
35,ficwfteigenp1
29,ficwfteigenp1
78,ficwfteigenp1
43,ficwfteigenp1
98,ficwfteigenp1
94,ficwfteigenp1
45,ficwfteigenp1
72,ficwfteigenp1
71,ficwfteigenp1
53,ficwfteigenp1
79,ficwfteigenp1
10,ficwfteigenp1
64,ficwfteigenp1
11,ficwfteigenp1
12,ficwfteigenp1
55,ficwfteigenp1
18,ficwfteigenp1
96,ficwfteigenp1
16,ficwfteigenp1
86,ficwfteigenp1
60,ficwfteigenp1
52,ficwfteigenp1
93,ficwfteigenp1
67,ficwfteigenp1
82,ficwfteigenp1
1,ficwfteigenp1
46,ficwfteigenp1
30,ficwfteigenp1
89,ficwfteigenp1
20,ficwfteigenp1
25,ficwfteigenp1
15,ficwfteigenp1
28,ficwfteigenp1
92,ficwfteigenp1
37,ficwfteigenp1
34,ficwfteigenp1
68,ficwfteigenp1
69,ficwfteigenp1
99,ficwfteigenp1
51,ficwfteigenp1
74,ficwfteigenp1
47,ficwfteigenp1
73,ficwfteigenp1
56,ficwfteigenp1
88,ficwfteigenp1
33,ficwfteigenp1
22,ficwfteigenp1
44,ficwfteigenp1
4,ficwfteigenp1
0,ficwfteigenp1
9,ficwfteigenp1
48,ficwfteigenp1
90,ficwfteigenp1
2,ficwfteigenp1
85,ficwfteigenp1
27,ficwfteigenp1
8,ficwfteigenp1
32,ficwfteigenp1
75,ficwfteigenp1
13,ficwfteigenp1
36,ficwfteigenp1
77,ficwfteigenp1
31,ficwfteigenp1
5,ficwfteigenp1
6,ficwfteigenp1
41,ficwfteigenp1
91,ficwfteigenp1
76,ficwfteigenp1
65,ficwfteigenp1
49,ficwfteigenp1
19,ficwfteigenp1
54,ficwfteigenp2
95,ficwfteigenp2
24,ficwfteigenp2
1,ficwfteigenp2
71,ficwfteigenp2
70,ficwfteigenp2
7,ficwfteigenp2
81,ficwfteigenp2
14,ficwfteigenp2
38,ficwfteigenp2
97,ficwfteigenp2
28,ficwfteigenp2
29,ficwfteigenp2
98,ficwfteigenp2
94,ficwfteigenp2
45,ficwfteigenp2
59,ficwfteigenp2
39,ficwfteigenp2
53,ficwfteigenp2
66,ficwfteigenp2
37,ficwfteigenp2
58,ficwfteigenp2
64,ficwfteigenp2
55,ficwfteigenp2
23,ficwfteigenp2
18,ficwfteigenp2
83,ficwfteigenp2
56,ficwfteigenp2
17,ficwfteigenp2
8,ficwfteigenp2
86,ficwfteigenp2
60,ficwfteigenp2
52,ficwfteigenp2
11,ficwfteigenp2
92,ficwfteigenp2
93,ficwfteigenp2
73,ficwfteigenp2
62,ficwfteigenp2
82,ficwfteigenp2
32,ficwfteigenp2
26,ficwfteigenp2
30,ficwfteigenp2
89,ficwfteigenp2
96,ficwfteigenp2
20,ficwfteigenp2
15,ficwfteigenp2
99,ficwfteigenp2
75,ficwfteigenp2
25,ficwfteigenp2
69,ficwfteigenp2
76,ficwfteigenp2
10,ficwfteigenp2
51,ficwfteigenp2
74,ficwfteigenp2
79,ficwfteigenp2
50,ficwfteigenp2
47,ficwfteigenp2
61,ficwfteigenp2
44,ficwfteigenp2
80,ficwfteigenp2
91,ficwfteigenp2
16,ficwfteigenp2
88,ficwfteigenp2
35,ficwfteigenp2
5,ficwfteigenp2
0,ficwfteigenp2
33,ficwfteigenp2
4,ficwfteigenp2
21,ficwfteigenp2
90,ficwfteigenp2
9,ficwfteigenp2
2,ficwfteigenp2
48,ficwfteigenp2
78,ficwfteigenp2
85,ficwfteigenp2
13,ficwfteigenp2
77,ficwfteigenp2
31,ficwfteigenp2
6,ficwfteigenp2
43,ficwfteigenp2
49,ficwfteigenp2
84,ficwfteigenp2
41,ficwfteigenp2
27,ficwfteigenp2
36,ficwfteigenp2
87,ficwfteigenp2
72,ficwfteigenp2
67,ficwfteigenp2
34,ficwfteigenp2
65,ficwfteigenp2
19,ficwfteigenp2
1,ficwfteigenp3
28,ficwfteigenp3
81,ficwfteigenp3
82,ficwfteigenp3
26,ficwfteigenp3
72,ficwfteigenp3
35,ficwfteigenp3
33,ficwfteigenp3
76,ficwfteigenp3
96,ficwfteigenp3
66,ficwfteigenp3
71,ficwfteigenp3
6,ficwfteigenp3
9,ficwfteigenp3
55,ficwfteigenp3
78,ficwfteigenp3
86,ficwfteigenp3
52,ficwfteigenp3
27,ficwfteigenp3
92,ficwfteigenp3
95,ficwfteigenp3
4,ficwfteigenp3
60,ficwfteigenp3
32,ficwfteigenp3
89,ficwfteigenp3
38,ficwfteigenp3
18,ficwfteigenp3
99,ficwfteigenp3
90,ficwfteigenp3
31,ficwfteigenp3
34,ficwfteigenp3
25,ficwfteigenp3
69,ficwfteigenp3
41,ficwfteigenp3
21,ficwfteigenp3
74,ficwfteigenp3
47,ficwfteigenp3
73,ficwfteigenp3
16,ficwfteigenp3
88,ficwfteigenp3
5,ficwfteigenp3
22,ficwfteigenp3
80,ficwfteigenp3
79,ficwfteigenp3
36,ficwfteigenp3
0,ficwfteigenp3
48,ficwfteigenp3
83,ficwfteigenp3
43,ficwfteigenp3
84,ficwfteigenp3
53,ficwfteigenp3
49,ficwfteigenp3
91,ficwfteigenp3
67,ficwfteigenp3
44,ficwfteigenp3
19,ficwfteigenp3
95,ficwfteigenp4
1,ficwfteigenp4
7,ficwfteigenp4
14,ficwfteigenp4
77,ficwfteigenp4
26,ficwfteigenp4
53,ficwfteigenp4
11,ficwfteigenp4
6,ficwfteigenp4
29,ficwfteigenp4
98,ficwfteigenp4
34,ficwfteigenp4
45,ficwfteigenp4
32,ficwfteigenp4
41,ficwfteigenp4
66,ficwfteigenp4
10,ficwfteigenp4
27,ficwfteigenp4
55,ficwfteigenp4
86,ficwfteigenp4
52,ficwfteigenp4
93,ficwfteigenp4
67,ficwfteigenp4
60,ficwfteigenp4
46,ficwfteigenp4
89,ficwfteigenp4
97,ficwfteigenp4
90,ficwfteigenp4
31,ficwfteigenp4
25,ficwfteigenp4
69,ficwfteigenp4
50,ficwfteigenp4
44,ficwfteigenp4
54,ficwfteigenp4
16,ficwfteigenp4
88,ficwfteigenp4
0,ficwfteigenp4
33,ficwfteigenp4
22,ficwfteigenp4
80,ficwfteigenp4
36,ficwfteigenp4
92,ficwfteigenp4
48,ficwfteigenp4
2,ficwfteigenp4
76,ficwfteigenp4
13,ficwfteigenp4
94,ficwfteigenp4
5,ficwfteigenp4
84,ficwfteigenp4
28,ficwfteigenp4
49,ficwfteigenp4
19,ficwfteigenp4
24,ficwfteigenp5
1,ficwfteigenp5
7,ficwfteigenp5
26,ficwfteigenp5
81,ficwfteigenp5
79,ficwfteigenp5
6,ficwfteigenp5
29,ficwfteigenp5
43,ficwfteigenp5
95,ficwfteigenp5
34,ficwfteigenp5
71,ficwfteigenp5
55,ficwfteigenp5
4,ficwfteigenp5
90,ficwfteigenp5
16,ficwfteigenp5
41,ficwfteigenp5
60,ficwfteigenp5
93,ficwfteigenp5
89,ficwfteigenp5
28,ficwfteigenp5
99,ficwfteigenp5
45,ficwfteigenp5
31,ficwfteigenp5
76,ficwfteigenp5
50,ficwfteigenp5
44,ficwfteigenp5
5,ficwfteigenp5
0,ficwfteigenp5
33,ficwfteigenp5
80,ficwfteigenp5
92,ficwfteigenp5
48,ficwfteigenp5
2,ficwfteigenp5
27,ficwfteigenp5
94,ficwfteigenp5
25,ficwfteigenp5
84,ficwfteigenp5
53,ficwfteigenp5
36,ficwfteigenp5
49,ficwfteigenp5
86,ficwfteigenp5
67,ficwfteigenp5
30,ficwfteigenp5
19,focwurteigenp1
91,focwurteigenp1
58,focwurteigenp1
26,focwurteigenp1
34,focwurteigenp1
14,focwurteigenp1
35,focwurteigenp1
21,focwurteigenp1
30,focwurteigenp1
66,focwurteigenp1
41,focwurteigenp1
28,focwurteigenp1
48,focwurteigenp1
49,focwurteigenp1
25,focwurteigenp1
92,focwurteigenp1
39,focwurteigenp1
78,focwurteigenp1
63,focwurteigenp1
90,focwurteigenp1
40,focwurteigenp1
50,focwurteigenp1
32,focwurteigenp1
80,focwurteigenp1
94,focwurteigenp1
64,focwurteigenp1
17,focwurteigenp1
87,focwurteigenp1
27,focwurteigenp1
52,focwurteigenp1
71,focwurteigenp1
37,focwurteigenp1
37,focwurteigenp1
29,focwurteigenp1
33,focwurteigenp1
38,focwurteigenp1
22,focwurteigenp1
98,focwurteigenp1
16,focwurteigenp1
15,focwurteigenp1
1,focwurteigenp2
58,focwurteigenp2
35,focwurteigenp2
9,focwurteigenp2
92,focwurteigenp2
49,focwurteigenp2
13,focwurteigenp2
91,focwurteigenp2
77,focwurteigenp2
4,focwurteigenp2
98,focwurteigenp2
0,focwurteigenp2
40,focwurteigenp2
70,focwurteigenp2
6,focwurteigenp2
34,focwurteigenp2
91,focwurteigenp3
93,focwurteigenp3
1,focwurteigenp3
7,focwurteigenp3
35,focwurteigenp3
72,focwurteigenp3
26,focwurteigenp3
60,focwurteigenp3
89,focwurteigenp3
95,focwurteigenp3
6,focwurteigenp3
76,focwurteigenp3
90,focwurteigenp3
63,focwurteigenp3
8,focwurteigenp3
22,focwurteigenp3
73,focwurteigenp3
28,focwurteigenp3
4,focwurteigenp3
50,focwurteigenp3
92,focwurteigenp3
10,focwurteigenp3
39,focwurteigenp3
40,focwurteigenp3
94,focwurteigenp3
25,focwurteigenp3
64,focwurteigenp3
77,focwurteigenp3
87,focwurteigenp3
58,focwurteigenp3
86,focwurteigenp3
2,focwurteigenp3
82,focwurteigenp3
36,focwurteigenp3
5,focwurteigenp3
83,focwurteigenp3
98,focwurteigenp3
16,focwurteigenp3
27,focwurteigenp3
62,focwurteigenp3
54,focwurteigenp3
1,focwurteigenp4
7,focwurteigenp4
35,focwurteigenp4
25,focwurteigenp4
72,focwurteigenp4
60,focwurteigenp4
95,focwurteigenp4
90,focwurteigenp4
26,focwurteigenp4
76,focwurteigenp4
49,focwurteigenp4
63,focwurteigenp4
47,focwurteigenp4
91,focwurteigenp4
58,focwurteigenp4
87,focwurteigenp4
92,focwurteigenp4
73,focwurteigenp4
28,focwurteigenp4
4,focwurteigenp4
48,focwurteigenp4
33,focwurteigenp4
40,focwurteigenp4
19,focwurteigenp4
64,focwurteigenp4
82,focwurteigenp4
53,focwurteigenp4
86,focwurteigenp4
50,focwurteigenp4
66,focwurteigenp4
36,focwurteigenp4
94,focwurteigenp4
6,focwurteigenp4
98,focwurteigenp4
27,focwurteigenp4
62,focwurteigenp4
51,focwurteigenp4
93,focwurteigenp5
7,focwurteigenp5
25,focwurteigenp5
73,focwurteigenp5
72,focwurteigenp5
60,focwurteigenp5
95,focwurteigenp5
26,focwurteigenp5
76,focwurteigenp5
94,focwurteigenp5
35,focwurteigenp5
14,focwurteigenp5
19,focwurteigenp5
92,focwurteigenp5
82,focwurteigenp5
57,focwurteigenp5
28,focwurteigenp5
4,focwurteigenp5
79,focwurteigenp5
48,focwurteigenp5
49,focwurteigenp5
89,focwurteigenp5
33,focwurteigenp5
10,focwurteigenp5
63,focwurteigenp5
27,focwurteigenp5
40,focwurteigenp5
64,focwurteigenp5
77,focwurteigenp5
87,focwurteigenp5
98,focwurteigenp5
5,focwurteigenp5
86,focwurteigenp5
50,focwurteigenp5
66,focwurteigenp5
90,focwurteigenp5
6,focwurteigenp5
51,focwurteigenp5
62,focwurteigenp5
91,focwurteigenp5
34,focwurteigenp5
83,focwurteigenp5
39,focwurteigenp5
2,focwurteigenp5
43,ncwiignep1
10,ncwiignep1
7,ncwiignep1
2,ncwiignep1
6,ncwiignep1
75,ncwiignep1
58,ncwiignep1
52,ncwiignep1
63,ncwiignep1
98,ncwiignep1
66,ncwiignep1
36,ncwiignep1
23,ncwiignep1
93,ncwiignep1
8,ncwiignep1
46,ncwiignep1
97,ncwiignep1
89,ncwiignep1
94,ncwiignep1
95,ncwiignep1
39,ncwiignep1
16,ncwiignep1
15,ncwiignep1
69,ncwiignep1
67,ncwiignep1
91,ncwiignep1
30,ncwiignep1
56,ncwiignep1
65,ncwiignep2
1,ncwiignep2
93,ncwiignep2
34,ncwiignep2
38,ncwiignep2
41,ncwiignep2
71,ncwiignep2
73,ncwiignep2
7,ncwiignep2
25,ncwiignep2
58,ncwiignep2
55,ncwiignep2
46,ncwiignep2
43,ncwiignep2
64,ncwiignep2
30,ncwiignep2
14,ncwiignep2
12,ncwiignep2
4,ncwiignep2
8,ncwiignep2
66,ncwiignep2
89,ncwiignep2
3,ncwiignep2
10,ncwiignep2
13,ncwiignep2
47,ncwiignep2
27,ncwiignep2
54,ncwiignep2
36,ncwiignep2
39,ncwiignep2
90,ncwiignep2
16,ncwiignep2
35,ncwiignep2
92,ncwiignep2
20,ncwiignep2
15,ncwiignep2
97,ncwiignep2
63,ncwiignep2
79,ncwiignep2
69,ncwiignep2
98,ncwiignep2
45,ncwiignep2
22,ncwiignep2
6,ncwiignep2
0,ncwiignep2
49,ncwiignep2
29,ncwiignep2
31,ncwiignep2
85,ncwiignep2
70,ncwiignep2
48,ncwiignep2
9,ncwiignep2
95,ncwiignep2
2,ncwiignep2
72,ncwiignep2
91,ncwiignep2
80,ncwiignep2
56,ncwiignep2
87,ncwiignep2
5,ncwiignep2
28,ncwiignep2
37,ncwiignep2
85,ncwiignep3
97,ncwiignep3
99,ncwiignep3
65,ncwiignep3
10,ncwiignep3
7,ncwiignep3
3,ncwiignep3
64,ncwiignep3
94,ncwiignep3
34,ncwiignep3
41,ncwiignep3
75,ncwiignep3
88,ncwiignep3
25,ncwiignep3
58,ncwiignep3
52,ncwiignep3
78,ncwiignep3
63,ncwiignep3
98,ncwiignep3
69,ncwiignep3
12,ncwiignep3
14,ncwiignep3
90,ncwiignep3
29,ncwiignep3
9,ncwiignep3
93,ncwiignep3
8,ncwiignep3
46,ncwiignep3
80,ncwiignep3
28,ncwiignep3
66,ncwiignep3
89,ncwiignep3
86,ncwiignep3
54,ncwiignep3
74,ncwiignep3
22,ncwiignep3
13,ncwiignep3
47,ncwiignep3
18,ncwiignep3
27,ncwiignep3
23,ncwiignep3
1,ncwiignep3
4,ncwiignep3
55,ncwiignep3
36,ncwiignep3
39,ncwiignep3
43,ncwiignep3
16,ncwiignep3
35,ncwiignep3
51,ncwiignep3
73,ncwiignep3
56,ncwiignep3
20,ncwiignep3
67,ncwiignep3
11,ncwiignep3
30,ncwiignep3
17,ncwiignep3
83,ncwiignep3
60,ncwiignep3
82,ncwiignep3
79,ncwiignep3
45,ncwiignep3
26,ncwiignep3
15,ncwiignep3
49,ncwiignep3
31,ncwiignep3
38,ncwiignep3
70,ncwiignep3
48,ncwiignep3
95,ncwiignep3
2,ncwiignep3
91,ncwiignep3
84,ncwiignep3
33,ncwiignep3
96,ncwiignep3
19,ncwiignep3
62,ncwiignep3
5,ncwiignep3
71,ncwiignep3
87,ncwiignep3
6,ncwiignep3
77,ncwiignep3
37,ncwiignep3
92,ncwiignep3
32,ncwiignep3
72,ncwiignep3
57,ncwiignep3
24,ncwiignep3
33,ncwiignep4
85,ncwiignep4
97,ncwiignep4
43,ncwiignep4
1,ncwiignep4
10,ncwiignep4
7,ncwiignep4
93,ncwiignep4
20,ncwiignep4
61,ncwiignep4
34,ncwiignep4
38,ncwiignep4
41,ncwiignep4
32,ncwiignep4
71,ncwiignep4
88,ncwiignep4
25,ncwiignep4
58,ncwiignep4
56,ncwiignep4
42,ncwiignep4
89,ncwiignep4
51,ncwiignep4
60,ncwiignep4
37,ncwiignep4
14,ncwiignep4
40,ncwiignep4
29,ncwiignep4
65,ncwiignep4
8,ncwiignep4
80,ncwiignep4
28,ncwiignep4
66,ncwiignep4
3,ncwiignep4
57,ncwiignep4
86,ncwiignep4
59,ncwiignep4
54,ncwiignep4
74,ncwiignep4
12,ncwiignep4
76,ncwiignep4
94,ncwiignep4
53,ncwiignep4
50,ncwiignep4
68,ncwiignep4
23,ncwiignep4
21,ncwiignep4
4,ncwiignep4
55,ncwiignep4
63,ncwiignep4
30,ncwiignep4
36,ncwiignep4
27,ncwiignep4
39,ncwiignep4
52,ncwiignep4
90,ncwiignep4
16,ncwiignep4
81,ncwiignep4
92,ncwiignep4
73,ncwiignep4
78,ncwiignep4
11,ncwiignep4
17,ncwiignep4
69,ncwiignep4
64,ncwiignep4
67,ncwiignep4
83,ncwiignep4
82,ncwiignep4
79,ncwiignep4
13,ncwiignep4
45,ncwiignep4
22,ncwiignep4
26,ncwiignep4
5,ncwiignep4
15,ncwiignep4
35,ncwiignep4
49,ncwiignep4
31,ncwiignep4
70,ncwiignep4
48,ncwiignep4
9,ncwiignep4
18,ncwiignep4
99,ncwiignep4
95,ncwiignep4
2,ncwiignep4
72,ncwiignep4
91,ncwiignep4
46,ncwiignep4
84,ncwiignep4
96,ncwiignep4
19,ncwiignep4
47,ncwiignep4
62,ncwiignep4
87,ncwiignep4
6,ncwiignep4
75,ncwiignep4
77,ncwiignep4
44,ncwiignep4
24,ncwiignep4
98,ncwiignep4
81,ncwiignep5
85,ncwiignep5
65,ncwiignep5
43,ncwiignep5
7,ncwiignep5
3,ncwiignep5
2,ncwiignep5
94,ncwiignep5
87,ncwiignep5
44,ncwiignep5
20,ncwiignep5
6,ncwiignep5
61,ncwiignep5
34,ncwiignep5
38,ncwiignep5
71,ncwiignep5
88,ncwiignep5
25,ncwiignep5
59,ncwiignep5
60,ncwiignep5
10,ncwiignep5
56,ncwiignep5
63,ncwiignep5
46,ncwiignep5
98,ncwiignep5
37,ncwiignep5
42,ncwiignep5
69,ncwiignep5
14,ncwiignep5
29,ncwiignep5
12,ncwiignep5
93,ncwiignep5
8,ncwiignep5
28,ncwiignep5
66,ncwiignep5
24,ncwiignep5
54,ncwiignep5
74,ncwiignep5
13,ncwiignep5
53,ncwiignep5
47,ncwiignep5
68,ncwiignep5
23,ncwiignep5
4,ncwiignep5
55,ncwiignep5
36,ncwiignep5
27,ncwiignep5
39,ncwiignep5
52,ncwiignep5
90,ncwiignep5
21,ncwiignep5
16,ncwiignep5
83,ncwiignep5
73,ncwiignep5
82,ncwiignep5
80,ncwiignep5
78,ncwiignep5
92,ncwiignep5
11,ncwiignep5
97,ncwiignep5
17,ncwiignep5
67,ncwiignep5
41,ncwiignep5
45,ncwiignep5
22,ncwiignep5
26,ncwiignep5
15,ncwiignep5
35,ncwiignep5
51,ncwiignep5
72,ncwiignep5
49,ncwiignep5
50,ncwiignep5
31,ncwiignep5
70,ncwiignep5
48,ncwiignep5
9,ncwiignep5
18,ncwiignep5
99,ncwiignep5
95,ncwiignep5
32,ncwiignep5
58,ncwiignep5
91,ncwiignep5
30,ncwiignep5
33,ncwiignep5
96,ncwiignep5
19,ncwiignep5
76,ncwiignep5
84,ncwiignep5
62,ncwiignep5
75,ncwiignep5
77,ncwiignep5
5,ncwiignep5
64,ncwiignep5
89,ncwiignep5
79,ncwiignep5
57,ncwiignep5
94,nicwneteigenp1
84,nicwneteigenp1
51,nicwneteigenp1
1,nicwneteigenp1
7,nicwneteigenp1
25,nicwneteigenp1
37,nicwneteigenp1
61,nicwneteigenp1
6,nicwneteigenp1
49,nicwneteigenp1
86,nicwneteigenp1
89,nicwneteigenp1
62,nicwneteigenp1
91,nicwneteigenp1
47,nicwneteigenp1
99,nicwneteigenp1
33,nicwneteigenp1
18,nicwneteigenp1
22,nicwneteigenp1
31,nicwneteigenp1
69,nicwneteigenp1
34,nicwneteigenp1
32,nicwneteigenp1
60,nicwneteigenp1
46,nicwneteigenp1
79,nicwneteigenp1
90,nicwneteigenp1
82,nicwneteigenp1
70,nicwneteigenp1
4,nicwneteigenp1
40,nicwneteigenp1
67,nicwneteigenp1
36,nicwneteigenp1
58,nicwneteigenp1
23,nicwneteigenp1
27,nicwneteigenp1
85,nicwneteigenp1
48,nicwneteigenp1
20,nicwneteigenp1
88,nicwneteigenp1
44,nicwneteigenp1
28,nicwneteigenp1
55,nicwneteigenp1
59,nicwneteigenp1
42,nicwneteigenp1
74,nicwneteigenp1
73,nicwneteigenp1
66,nicwneteigenp1
0,nicwneteigenp1
38,nicwneteigenp1
10,nicwneteigenp1
53,nicwneteigenp1
52,nicwneteigenp1
14,nicwneteigenp1
63,nicwneteigenp1
76,nicwneteigenp1
39,nicwneteigenp1
9,nicwneteigenp1
71,nicwneteigenp1
2,nicwneteigenp1
30,nicwneteigenp1
87,nicwneteigenp1
5,nicwneteigenp1
93,nicwneteigenp1
24,nicwneteigenp1
35,nicwneteigenp1
98,nicwneteigenp1
15,nicwneteigenp1
64,nicwneteigenp1
94,nicwneteigenp2
84,nicwneteigenp2
1,nicwneteigenp2
7,nicwneteigenp2
25,nicwneteigenp2
25,nicwneteigenp2
25,nicwneteigenp2
25,nicwneteigenp2
25,nicwneteigenp2
25,nicwneteigenp2
95,nicwneteigenp2
87,nicwneteigenp2
27,nicwneteigenp2
37,nicwneteigenp2
28,nicwneteigenp2
28,nicwneteigenp2
99,nicwneteigenp2
91,nicwneteigenp2
47,nicwneteigenp2
34,nicwneteigenp2
46,nicwneteigenp2
79,nicwneteigenp2
89,nicwneteigenp2
90,nicwneteigenp2
49,nicwneteigenp2
74,nicwneteigenp2
15,nicwneteigenp2
85,nicwneteigenp2
88,nicwneteigenp2
42,nicwneteigenp2
66,nicwneteigenp2
0,nicwneteigenp2
40,nicwneteigenp2
76,nicwneteigenp2
4,nicwneteigenp2
39,nicwneteigenp2
71,nicwneteigenp2
2,nicwneteigenp2
83,nicwneteigenp2
5,nicwneteigenp2
35,nicwneteigenp2
94,nicwneteigenp3
84,nicwneteigenp3
1,nicwneteigenp3
7,nicwneteigenp3
25,nicwneteigenp3
56,nicwneteigenp3
55,nicwneteigenp3
87,nicwneteigenp3
27,nicwneteigenp3
38,nicwneteigenp3
2,nicwneteigenp3
49,nicwneteigenp3
86,nicwneteigenp3
75,nicwneteigenp3
39,nicwneteigenp3
99,nicwneteigenp3
91,nicwneteigenp3
95,nicwneteigenp3
3,nicwneteigenp3
53,nicwneteigenp3
26,nicwneteigenp3
6,nicwneteigenp3
13,nicwneteigenp3
9,nicwneteigenp3
78,nicwneteigenp3
8,nicwneteigenp3
89,nicwneteigenp3
46,nicwneteigenp3
81,nicwneteigenp3
52,nicwneteigenp3
37,nicwneteigenp3
70,nicwneteigenp3
96,nicwneteigenp3
85,nicwneteigenp3
48,nicwneteigenp3
36,nicwneteigenp3
79,nicwneteigenp3
4,nicwneteigenp3
88,nicwneteigenp3
44,nicwneteigenp3
76,nicwneteigenp3
28,nicwneteigenp3
22,nicwneteigenp3
42,nicwneteigenp3
74,nicwneteigenp3
66,nicwneteigenp3
31,nicwneteigenp3
0,nicwneteigenp3
51,nicwneteigenp3
62,nicwneteigenp3
63,nicwneteigenp3
35,nicwneteigenp3
10,nicwneteigenp3
71,nicwneteigenp3
17,nicwneteigenp3
30,nicwneteigenp3
97,nicwneteigenp3
80,nicwneteigenp3
43,nicwneteigenp3
47,nicwneteigenp3
11,nicwneteigenp3
5,nicwneteigenp3
73,nicwneteigenp3
15,nicwneteigenp3
64,nicwneteigenp3
23,nicwneteigenp3
94,nicwneteigenp4
84,nicwneteigenp4
70,nicwneteigenp4
51,nicwneteigenp4
56,nicwneteigenp4
6,nicwneteigenp4
49,nicwneteigenp4
28,nicwneteigenp4
27,nicwneteigenp4
91,nicwneteigenp4
47,nicwneteigenp4
99,nicwneteigenp4
63,nicwneteigenp4
34,nicwneteigenp4
60,nicwneteigenp4
46,nicwneteigenp4
79,nicwneteigenp4
8,nicwneteigenp4
89,nicwneteigenp4
74,nicwneteigenp4
15,nicwneteigenp4
85,nicwneteigenp4
36,nicwneteigenp4
88,nicwneteigenp4
44,nicwneteigenp4
22,nicwneteigenp4
42,nicwneteigenp4
66,nicwneteigenp4
57,nicwneteigenp4
90,nicwneteigenp4
39,nicwneteigenp4
53,nicwneteigenp4
62,nicwneteigenp4
52,nicwneteigenp4
2,nicwneteigenp4
93,nicwneteigenp4
87,nicwneteigenp4
43,nicwneteigenp4
5,nicwneteigenp4
35,nicwneteigenp4
30,nicwneteigenp4
31,nicwneteigenp4
94,nicwneteigenp5
7,nicwneteigenp5
25,nicwneteigenp5
55,nicwneteigenp5
6,nicwneteigenp5
28,nicwneteigenp5
30,nicwneteigenp5
62,nicwneteigenp5
1,nicwneteigenp5
99,nicwneteigenp5
95,nicwneteigenp5
29,nicwneteigenp5
18,nicwneteigenp5
63,nicwneteigenp5
34,nicwneteigenp5
32,nicwneteigenp5
60,nicwneteigenp5
5,nicwneteigenp5
79,nicwneteigenp5
89,nicwneteigenp5
90,nicwneteigenp5
49,nicwneteigenp5
82,nicwneteigenp5
58,nicwneteigenp5
74,nicwneteigenp5
4,nicwneteigenp5
67,nicwneteigenp5
70,nicwneteigenp5
23,nicwneteigenp5
15,nicwneteigenp5
27,nicwneteigenp5
85,nicwneteigenp5
48,nicwneteigenp5
37,nicwneteigenp5
38,nicwneteigenp5
88,nicwneteigenp5
44,nicwneteigenp5
45,nicwneteigenp5
22,nicwneteigenp5
42,nicwneteigenp5
73,nicwneteigenp5
66,nicwneteigenp5
35,nicwneteigenp5
0,nicwneteigenp5
57,nicwneteigenp5
40,nicwneteigenp5
10,nicwneteigenp5
53,nicwneteigenp5
52,nicwneteigenp5
9,nicwneteigenp5
71,nicwneteigenp5
2,nicwneteigenp5
86,nicwneteigenp5
83,nicwneteigenp5
93,nicwneteigenp5
47,nicwneteigenp5
87,nicwneteigenp5
43,nicwneteigenp5
11,nicwneteigenp5
98,nicwneteigenp5
36,nicwneteigenp5
84,nicwneteigenp5
31,nicwneteigenp5
61,nicwneteigenp5
39,nicwneteigenp5
33,nicwneteigenp5
92,ocwnigep1
39,ocwnigep1
40,ocwnigep1
13,ocwnigep1
46,ocwnigep1
85,ocwnigep1
29,ocwnigep1
52,ocwnigep1
65,ocwnigep1
86,ocwnigep1
53,ocwnigep1
35,ocwnigep1
51,ocwnigep1
27,ocwnigep1
68,ocwnigep1
18,ocwnigep1
42,ocwnigep1
0,ocwnigep1
60,ocwnigep1
48,ocwnigep1
93,ocwnigep1
5,ocwnigep1
28,ocwnigep1
62,ocwnigep1
21,ocwnigep1
38,ocwnigep1
92,ocwnigep2
7,ocwnigep2
76,ocwnigep2
32,ocwnigep2
88,ocwnigep2
39,ocwnigep2
36,ocwnigep2
40,ocwnigep2
74,ocwnigep2
86,ocwnigep2
87,ocwnigep2
66,ocwnigep2
81,ocwnigep2
85,ocwnigep2
37,ocwnigep2
62,ocwnigep2
51,ocwnigep2
82,ocwnigep2
42,ocwnigep2
84,ocwnigep2
35,ocwnigep2
26,ocwnigep2
30,ocwnigep2
27,ocwnigep2
91,ocwnigep2
89,ocwnigep2
52,ocwnigep2
71,ocwnigep2
34,ocwnigep2
33,ocwnigep2
45,ocwnigep2
68,ocwnigep2
90,ocwnigep2
18,ocwnigep2
43,ocwnigep2
99,ocwnigep2
21,ocwnigep2
41,ocwnigep2
46,ocwnigep2
29,ocwnigep2
44,ocwnigep2
0,ocwnigep2
16,ocwnigep2
98,ocwnigep2
60,ocwnigep2
72,ocwnigep2
25,ocwnigep2
9,ocwnigep2
2,ocwnigep2
80,ocwnigep2
53,ocwnigep2
96,ocwnigep2
5,ocwnigep2
28,ocwnigep2
93,ocwnigep2
7,ocwnigep3
29,ocwnigep3
36,ocwnigep3
39,ocwnigep3
40,ocwnigep3
46,ocwnigep3
96,ocwnigep3
85,ocwnigep3
52,ocwnigep3
65,ocwnigep3
86,ocwnigep3
82,ocwnigep3
35,ocwnigep3
4,ocwnigep3
51,ocwnigep3
27,ocwnigep3
48,ocwnigep3
91,ocwnigep3
90,ocwnigep3
18,ocwnigep3
43,ocwnigep3
42,ocwnigep3
0,ocwnigep3
98,ocwnigep3
30,ocwnigep3
60,ocwnigep3
72,ocwnigep3
89,ocwnigep3
5,ocwnigep3
28,ocwnigep3
62,ocwnigep3
7,ocwnigep4
29,ocwnigep4
76,ocwnigep4
35,ocwnigep4
32,ocwnigep4
37,ocwnigep4
85,ocwnigep4
39,ocwnigep4
6,ocwnigep4
70,ocwnigep4
87,ocwnigep4
51,ocwnigep4
52,ocwnigep4
42,ocwnigep4
82,ocwnigep4
97,ocwnigep4
8,ocwnigep4
53,ocwnigep4
30,ocwnigep4
41,ocwnigep4
1,ocwnigep4
4,ocwnigep4
27,ocwnigep4
48,ocwnigep4
91,ocwnigep4
98,ocwnigep4
93,ocwnigep4
72,ocwnigep4
92,ocwnigep4
73,ocwnigep4
71,ocwnigep4
34,ocwnigep4
40,ocwnigep4
95,ocwnigep4
45,ocwnigep4
90,ocwnigep4
43,ocwnigep4
99,ocwnigep4
25,ocwnigep4
9,ocwnigep4
89,ocwnigep4
2,ocwnigep4
96,ocwnigep4
86,ocwnigep4
5,ocwnigep4
80,ocwnigep4
28,ocwnigep4
57,ocwnigep4
36,ocwnigep4
33,ocwnigep4
2,ocwnigep5
92,ocwnigep5
29,ocwnigep5
76,ocwnigep5
91,ocwnigep5
39,ocwnigep5
55,ocwnigep5
35,ocwnigep5
36,ocwnigep5
70,ocwnigep5
80,ocwnigep5
67,ocwnigep5
46,ocwnigep5
85,ocwnigep5
66,ocwnigep5
41,ocwnigep5
27,ocwnigep5
15,ocwnigep5
51,ocwnigep5
52,ocwnigep5
42,ocwnigep5
82,ocwnigep5
97,ocwnigep5
63,ocwnigep5
8,ocwnigep5
89,ocwnigep5
32,ocwnigep5
53,ocwnigep5
30,ocwnigep5
4,ocwnigep5
1,ocwnigep5
48,ocwnigep5
98,ocwnigep5
84,ocwnigep5
73,ocwnigep5
71,ocwnigep5
34,ocwnigep5
40,ocwnigep5
95,ocwnigep5
33,ocwnigep5
74,ocwnigep5
45,ocwnigep5
68,ocwnigep5
59,ocwnigep5
21,ocwnigep5
18,ocwnigep5
5,ocwnigep5
43,ocwnigep5
60,ocwnigep5
75,ocwnigep5
96,ocwnigep5
72,ocwnigep5
25,ocwnigep5
28,ocwnigep5
86,ocwnigep5
54,ocwnigep5
87,ocwnigep5
99,ocwnigep5
6,ocwnigep5
37,ocwnigep5
62,ocwnigep5
88,ocwnigep5
93,ocwnigep5
1,scwiigxp1
49,scwiigxp1
84,scwiigxp1
65,scwiigxp1
69,scwiigxp1
64,scwiigxp1
21,scwiigxp1
10,scwiigxp1
2,scwiigxp1
85,scwiigxp1
31,scwiigxp1
81,scwiigxp1
28,scwiigxp1
20,scwiigxp1
67,scwiigxp1
29,scwiigxp1
97,scwiigxp1
44,scwiigxp1
63,scwiigxp1
55,scwiigxp1
26,scwiigxp1
68,scwiigxp1
37,scwiigxp1
35,scwiigxp1
99,scwiigxp1
23,scwiigxp1
96,scwiigxp1
89,scwiigxp1
54,scwiigxp1
66,scwiigxp1
18,scwiigxp1
51,scwiigxp1
51,scwiigxp1
39,scwiigxp1
72,scwiigxp1
33,scwiigxp1
33,scwiigxp1
62,scwiigxp1
9,scwiigxp1
74,scwiigxp1
8,scwiigxp1
40,scwiigxp1
3,scwiigxp1
91,scwiigxp1
11,scwiigxp1
50,scwiigxp1
47,scwiigxp1
12,scwiigxp1
86,scwiigxp1
73,scwiigxp1
77,scwiigxp1
98,scwiigxp1
70,scwiigxp1
93,scwiigxp1
45,scwiigxp1
92,scwiigxp1
75,scwiigxp1
71,scwiigxp1
4,scwiigxp1
61,scwiigxp1
57,scwiigxp1
58,scwiigxp1
83,scwiigxp1
46,scwiigxp1
13,scwiigxp1
80,scwiigxp1
14,scwiigxp1
43,scwiigxp1
95,scwiigxp1
78,scwiigxp1
41,scwiigxp1
0,scwiigxp1
56,scwiigxp1
15,scwiigxp1
42,scwiigxp1
94,scwiigxp1
27,scwiigxp1
88,scwiigxp1
38,scwiigxp1
30,scwiigxp1
16,scwiigxp1
48,scwiigxp1
76,scwiigxp1
87,scwiigxp1
36,scwiigxp1
25,scwiigxp1
90,scwiigxp1
6,scwiigxp1
7,scwiigxp1
60,scwiigxp1
5,scwiigxp1
79,scwiigxp1
53,scwiigxp1
32,scwiigxp1
82,scwiigxp1
24,scwiigxp1
22,scwiigxp1
59,scwiigxp1
55,scwiigxp2
7,scwiigxp2
31,scwiigxp2
88,scwiigxp2
89,scwiigxp2
27,scwiigxp2
1,scwiigxp2
96,scwiigxp2
22,scwiigxp2
66,scwiigxp2
47,scwiigxp2
39,scwiigxp2
33,scwiigxp2
16,scwiigxp2
63,scwiigxp2
9,scwiigxp2
8,scwiigxp2
97,scwiigxp2
69,scwiigxp2
28,scwiigxp2
72,scwiigxp2
86,scwiigxp2
4,scwiigxp2
95,scwiigxp2
5,scwiigxp2
36,scwiigxp2
62,scwiigxp2
99,scwiigxp2
25,scwiigxp2
29,scwiigxp2
77,scwiigxp2
45,scwiigxp2
26,scwiigxp2
50,scwiigxp2
44,scwiigxp2
61,scwiigxp2
94,scwiigxp2
21,scwiigxp2
48,scwiigxp2
15,scwiigxp2
98,scwiigxp2
81,scwiigxp2
0,scwiigxp2
54,scwiigxp2
70,scwiigxp2
30,scwiigxp2
85,scwiigxp2
2,scwiigxp2
34,scwiigxp2
83,scwiigxp2
90,scwiigxp2
35,scwiigxp2
87,scwiigxp2
51,scwiigxp2
38,scwiigxp2
6,scwiigxp2
79,scwiigxp2
53,scwiigxp2
42,scwiigxp3
7,scwiigxp3
69,scwiigxp3
31,scwiigxp3
81,scwiigxp3
48,scwiigxp3
26,scwiigxp3
27,scwiigxp3
53,scwiigxp3
96,scwiigxp3
22,scwiigxp3
66,scwiigxp3
73,scwiigxp3
51,scwiigxp3
39,scwiigxp3
89,scwiigxp3
98,scwiigxp3
49,scwiigxp3
16,scwiigxp3
11,scwiigxp3
8,scwiigxp3
97,scwiigxp3
40,scwiigxp3
90,scwiigxp3
95,scwiigxp3
36,scwiigxp3
62,scwiigxp3
99,scwiigxp3
83,scwiigxp3
37,scwiigxp3
35,scwiigxp3
21,scwiigxp3
29,scwiigxp3
93,scwiigxp3
45,scwiigxp3
50,scwiigxp3
61,scwiigxp3
86,scwiigxp3
13,scwiigxp3
28,scwiigxp3
94,scwiigxp3
38,scwiigxp3
47,scwiigxp3
88,scwiigxp3
85,scwiigxp3
15,scwiigxp3
55,scwiigxp3
79,scwiigxp3
14,scwiigxp3
36,scwiigxp4
1,scwiigxp4
7,scwiigxp4
55,scwiigxp4
2,scwiigxp4
65,scwiigxp4
69,scwiigxp4
33,scwiigxp4
45,scwiigxp4
31,scwiigxp4
6,scwiigxp4
63,scwiigxp4
47,scwiigxp4
87,scwiigxp4
37,scwiigxp4
27,scwiigxp4
93,scwiigxp4
89,scwiigxp4
96,scwiigxp4
83,scwiigxp4
66,scwiigxp4
39,scwiigxp4
97,scwiigxp4
35,scwiigxp4
76,scwiigxp4
8,scwiigxp4
40,scwiigxp4
28,scwiigxp4
91,scwiigxp4
92,scwiigxp4
86,scwiigxp4
73,scwiigxp4
95,scwiigxp4
77,scwiigxp4
50,scwiigxp4
62,scwiigxp4
44,scwiigxp4
54,scwiigxp4
61,scwiigxp4
48,scwiigxp4
98,scwiigxp4
88,scwiigxp4
85,scwiigxp4
70,scwiigxp4
4,scwiigxp4
51,scwiigxp4
25,scwiigxp4
5,scwiigxp4
38,scwiigxp4
90,scwiigxp4
99,scwiigxp4
79,scwiigxp4
53,scwiigxp4
84,scwiigxp4
7,scwiigxp5
65,scwiigxp5
69,scwiigxp5
45,scwiigxp5
64,scwiigxp5
10,scwiigxp5
85,scwiigxp5
31,scwiigxp5
37,scwiigxp5
88,scwiigxp5
29,scwiigxp5
63,scwiigxp5
47,scwiigxp5
55,scwiigxp5
87,scwiigxp5
48,scwiigxp5
96,scwiigxp5
54,scwiigxp5
66,scwiigxp5
51,scwiigxp5
39,scwiigxp5
52,scwiigxp5
33,scwiigxp5
89,scwiigxp5
6,scwiigxp5
11,scwiigxp5
22,scwiigxp5
8,scwiigxp5
97,scwiigxp5
40,scwiigxp5
3,scwiigxp5
72,scwiigxp5
91,scwiigxp5
86,scwiigxp5
1,scwiigxp5
36,scwiigxp5
62,scwiigxp5
95,scwiigxp5
99,scwiigxp5
78,scwiigxp5
21,scwiigxp5
77,scwiigxp5
93,scwiigxp5
92,scwiigxp5
27,scwiigxp5
26,scwiigxp5
75,scwiigxp5
50,scwiigxp5
13,scwiigxp5
44,scwiigxp5
61,scwiigxp5
43,scwiigxp5
46,scwiigxp5
14,scwiigxp5
98,scwiigxp5
81,scwiigxp5
28,scwiigxp5
73,scwiigxp5
0,scwiigxp5
42,scwiigxp5
20,scwiigxp5
70,scwiigxp5
94,scwiigxp5
38,scwiigxp5
30,scwiigxp5
4,scwiigxp5
59,scwiigxp5
84,scwiigxp5
9,scwiigxp5
25,scwiigxp5
2,scwiigxp5
49,scwiigxp5
16,scwiigxp5
76,scwiigxp5
34,scwiigxp5
15,scwiigxp5
83,scwiigxp5
35,scwiigxp5
68,scwiigxp5
60,scwiigxp5
5,scwiigxp5
90,scwiigxp5
79,scwiigxp5
53,scwiigxp5
32,scwiigxp5
82,scwiigxp5
80,scwiigxp5
71,scwiigxp5
25,secwvigenp1
7,secwvigenp1
73,secwvigenp1
31,secwvigenp1
28,secwvigenp1
37,secwvigenp1
87,secwvigenp1
92,secwvigenp1
20,secwvigenp1
24,secwvigenp1
34,secwvigenp1
21,secwvigenp1
77,secwvigenp1
22,secwvigenp1
17,secwvigenp1
46,secwvigenp1
16,secwvigenp1
63,secwvigenp1
45,secwvigenp1
93,secwvigenp1
91,secwvigenp1
23,secwvigenp1
98,secwvigenp1
29,secwvigenp1
49,secwvigenp1
27,secwvigenp1
72,secwvigenp1
95,secwvigenp1
35,secwvigenp1
32,secwvigenp1
76,secwvigenp1
12,secwvigenp1
4,secwvigenp1
96,secwvigenp1
99,secwvigenp1
56,secwvigenp1
65,secwvigenp1
42,secwvigenp1
51,secwvigenp1
18,secwvigenp1
0,secwvigenp1
55,secwvigenp1
9,secwvigenp1
11,secwvigenp1
89,secwvigenp1
57,secwvigenp1
66,secwvigenp1
43,secwvigenp1
82,secwvigenp1
39,secwvigenp1
5,secwvigenp1
61,secwvigenp1
30,secwvigenp1
81,secwvigenp1
38,secwvigenp1
40,secwvigenp1
50,secwvigenp1
73,secwvigenp2
7,secwvigenp2
92,secwvigenp2
39,secwvigenp2
72,secwvigenp2
70,secwvigenp2
89,secwvigenp2
47,secwvigenp2
78,secwvigenp2
57,secwvigenp2
49,secwvigenp2
34,secwvigenp2
24,secwvigenp2
59,secwvigenp2
6,secwvigenp2
41,secwvigenp2
26,secwvigenp2
91,secwvigenp2
95,secwvigenp2
98,secwvigenp2
88,secwvigenp2
69,secwvigenp2
1,secwvigenp2
4,secwvigenp2
93,secwvigenp2
27,secwvigenp2
28,secwvigenp2
64,secwvigenp2
37,secwvigenp2
31,secwvigenp2
20,secwvigenp2
30,secwvigenp2
32,secwvigenp2
63,secwvigenp2
52,secwvigenp2
97,secwvigenp2
84,secwvigenp2
61,secwvigenp2
42,secwvigenp2
55,secwvigenp2
35,secwvigenp2
25,secwvigenp2
96,secwvigenp2
45,secwvigenp2
9,secwvigenp2
54,secwvigenp2
2,secwvigenp2
66,secwvigenp2
43,secwvigenp2
51,secwvigenp2
68,secwvigenp2
33,secwvigenp2
5,secwvigenp2
87,secwvigenp2
16,secwvigenp2
94,secwvigenp2
29,secwvigenp2
38,secwvigenp2
1,secwvigenp3
7,secwvigenp3
89,secwvigenp3
68,secwvigenp3
20,secwvigenp3
99,secwvigenp3
59,secwvigenp3
13,secwvigenp3
17,secwvigenp3
87,secwvigenp3
41,secwvigenp3
26,secwvigenp3
98,secwvigenp3
64,secwvigenp3
34,secwvigenp3
95,secwvigenp3
32,secwvigenp3
52,secwvigenp3
29,secwvigenp3
97,secwvigenp3
96,secwvigenp3
39,secwvigenp3
93,secwvigenp3
4,secwvigenp3
2,secwvigenp3
66,secwvigenp3
5,secwvigenp3
53,secwvigenp3
7,secwvigenp4
1,secwvigenp4
31,secwvigenp4
37,secwvigenp4
20,secwvigenp4
42,secwvigenp4
34,secwvigenp4
83,secwvigenp4
13,secwvigenp4
22,secwvigenp4
41,secwvigenp4
26,secwvigenp4
4,secwvigenp4
8,secwvigenp4
63,secwvigenp4
29,secwvigenp4
27,secwvigenp4
28,secwvigenp4
87,secwvigenp4
64,secwvigenp4
39,secwvigenp4
95,secwvigenp4
35,secwvigenp4
32,secwvigenp4
17,secwvigenp4
56,secwvigenp4
56,secwvigenp4
97,secwvigenp4
84,secwvigenp4
96,secwvigenp4
14,secwvigenp4
67,secwvigenp4
61,secwvigenp4
5,secwvigenp4
88,secwvigenp4
0,secwvigenp4
25,secwvigenp4
66,secwvigenp4
43,secwvigenp4
51,secwvigenp4
33,secwvigenp4
70,secwvigenp4
6,secwvigenp4
2,secwvigenp4
16,secwvigenp4
89,secwvigenp4
49,secwvigenp4
73,secwvigenp5
7,secwvigenp5
37,secwvigenp5
34,secwvigenp5
45,secwvigenp5
26,secwvigenp5
91,secwvigenp5
8,secwvigenp5
29,secwvigenp5
1,secwvigenp5
4,secwvigenp5
93,secwvigenp5
27,secwvigenp5
64,secwvigenp5
20,secwvigenp5
32,secwvigenp5
61,secwvigenp5
63,secwvigenp5
97,secwvigenp5
96,secwvigenp5
14,secwvigenp5
0,secwvigenp5
25,secwvigenp5
9,secwvigenp5
11,secwvigenp5
2,secwvigenp5
66,secwvigenp5
43,secwvigenp5
51,secwvigenp5
68,secwvigenp5
70,secwvigenp5
5,secwvigenp5
6,secwvigenp5
39,secwvigenp5
87,secwvigenp5
38,secwvigenp5
95,secwvigenp5
89,secwvigenp5
49,secwvigenp5
9,sevcwenteigenp1
7,sevcwenteigenp1
73,sevcwenteigenp1
74,sevcwenteigenp1
84,sevcwenteigenp1
30,sevcwenteigenp1
99,sevcwenteigenp1
33,sevcwenteigenp1
25,sevcwenteigenp1
80,sevcwenteigenp1
31,sevcwenteigenp1
42,sevcwenteigenp1
85,sevcwenteigenp1
96,sevcwenteigenp1
14,sevcwenteigenp1
46,sevcwenteigenp1
8,sevcwenteigenp1
40,sevcwenteigenp1
77,sevcwenteigenp1
3,sevcwenteigenp1
81,sevcwenteigenp1
86,sevcwenteigenp1
98,sevcwenteigenp1
38,sevcwenteigenp1
36,sevcwenteigenp1
26,sevcwenteigenp1
87,sevcwenteigenp1
34,sevcwenteigenp1
4,sevcwenteigenp1
69,sevcwenteigenp1
90,sevcwenteigenp1
91,sevcwenteigenp1
44,sevcwenteigenp1
27,sevcwenteigenp1
2,sevcwenteigenp1
97,sevcwenteigenp1
64,sevcwenteigenp1
63,sevcwenteigenp1
92,sevcwenteigenp1
39,sevcwenteigenp1
5,sevcwenteigenp1
94,sevcwenteigenp1
83,sevcwenteigenp1
95,sevcwenteigenp1
19,sevcwenteigenp1
71,sevcwenteigenp1
65,sevcwenteigenp1
68,sevcwenteigenp1
37,sevcwenteigenp1
75,sevcwenteigenp1
57,sevcwenteigenp1
10,sevcwenteigenp1
33,sevcwenteigenp2
90,sevcwenteigenp2
1,sevcwenteigenp2
38,sevcwenteigenp2
73,sevcwenteigenp2
25,sevcwenteigenp2
85,sevcwenteigenp2
48,sevcwenteigenp2
6,sevcwenteigenp2
75,sevcwenteigenp2
68,sevcwenteigenp2
53,sevcwenteigenp2
55,sevcwenteigenp2
16,sevcwenteigenp2
14,sevcwenteigenp2
8,sevcwenteigenp2
51,sevcwenteigenp2
28,sevcwenteigenp2
86,sevcwenteigenp2
87,sevcwenteigenp2
74,sevcwenteigenp2
46,sevcwenteigenp2
57,sevcwenteigenp2
70,sevcwenteigenp2
30,sevcwenteigenp2
96,sevcwenteigenp2
37,sevcwenteigenp2
60,sevcwenteigenp2
4,sevcwenteigenp2
26,sevcwenteigenp2
2,sevcwenteigenp2
97,sevcwenteigenp2
63,sevcwenteigenp2
92,sevcwenteigenp2
5,sevcwenteigenp2
99,sevcwenteigenp2
39,sevcwenteigenp2
71,sevcwenteigenp2
89,sevcwenteigenp2
65,sevcwenteigenp2
19,sevcwenteigenp2
66,sevcwenteigenp2
82,sevcwenteigenp3
9,sevcwenteigenp3
90,sevcwenteigenp3
1,sevcwenteigenp3
7,sevcwenteigenp3
38,sevcwenteigenp3
74,sevcwenteigenp3
29,sevcwenteigenp3
37,sevcwenteigenp3
30,sevcwenteigenp3
39,sevcwenteigenp3
59,sevcwenteigenp3
27,sevcwenteigenp3
73,sevcwenteigenp3
99,sevcwenteigenp3
25,sevcwenteigenp3
77,sevcwenteigenp3
33,sevcwenteigenp3
61,sevcwenteigenp3
72,sevcwenteigenp3
16,sevcwenteigenp3
42,sevcwenteigenp3
85,sevcwenteigenp3
70,sevcwenteigenp3
79,sevcwenteigenp3
64,sevcwenteigenp3
96,sevcwenteigenp3
80,sevcwenteigenp3
21,sevcwenteigenp3
95,sevcwenteigenp3
20,sevcwenteigenp3
75,sevcwenteigenp3
47,sevcwenteigenp3
14,sevcwenteigenp3
22,sevcwenteigenp3
23,sevcwenteigenp3
46,sevcwenteigenp3
8,sevcwenteigenp3
58,sevcwenteigenp3
51,sevcwenteigenp3
40,sevcwenteigenp3
3,sevcwenteigenp3
13,sevcwenteigenp3
78,sevcwenteigenp3
49,sevcwenteigenp3
55,sevcwenteigenp3
24,sevcwenteigenp3
41,sevcwenteigenp3
19,sevcwenteigenp3
86,sevcwenteigenp3
98,sevcwenteigenp3
57,sevcwenteigenp3
87,sevcwenteigenp3
68,sevcwenteigenp3
83,sevcwenteigenp3
56,sevcwenteigenp3
53,sevcwenteigenp3
93,sevcwenteigenp3
12,sevcwenteigenp3
15,sevcwenteigenp3
36,sevcwenteigenp3
26,sevcwenteigenp3
50,sevcwenteigenp3
34,sevcwenteigenp3
69,sevcwenteigenp3
52,sevcwenteigenp3
88,sevcwenteigenp3
44,sevcwenteigenp3
67,sevcwenteigenp3
91,sevcwenteigenp3
62,sevcwenteigenp3
11,sevcwenteigenp3
45,sevcwenteigenp3
28,sevcwenteigenp3
35,sevcwenteigenp3
81,sevcwenteigenp3
4,sevcwenteigenp3
31,sevcwenteigenp3
0,sevcwenteigenp3
2,sevcwenteigenp3
97,sevcwenteigenp3
32,sevcwenteigenp3
89,sevcwenteigenp3
63,sevcwenteigenp3
92,sevcwenteigenp3
17,sevcwenteigenp3
60,sevcwenteigenp3
94,sevcwenteigenp3
5,sevcwenteigenp3
6,sevcwenteigenp3
71,sevcwenteigenp3
84,sevcwenteigenp3
18,sevcwenteigenp3
54,sevcwenteigenp3
66,sevcwenteigenp3
48,sevcwenteigenp3
43,sevcwenteigenp3
65,sevcwenteigenp3
76,sevcwenteigenp3
10,sevcwenteigenp3
65,sevcwenteigenp4
1,sevcwenteigenp4
7,sevcwenteigenp4
36,sevcwenteigenp4
68,sevcwenteigenp4
59,sevcwenteigenp4
38,sevcwenteigenp4
25,sevcwenteigenp4
33,sevcwenteigenp4
44,sevcwenteigenp4
70,sevcwenteigenp4
64,sevcwenteigenp4
42,sevcwenteigenp4
51,sevcwenteigenp4
48,sevcwenteigenp4
20,sevcwenteigenp4
75,sevcwenteigenp4
16,sevcwenteigenp4
14,sevcwenteigenp4
46,sevcwenteigenp4
8,sevcwenteigenp4
27,sevcwenteigenp4
24,sevcwenteigenp4
41,sevcwenteigenp4
97,sevcwenteigenp4
19,sevcwenteigenp4
86,sevcwenteigenp4
57,sevcwenteigenp4
28,sevcwenteigenp4
4,sevcwenteigenp4
93,sevcwenteigenp4
5,sevcwenteigenp4
34,sevcwenteigenp4
56,sevcwenteigenp4
69,sevcwenteigenp4
88,sevcwenteigenp4
30,sevcwenteigenp4
31,sevcwenteigenp4
62,sevcwenteigenp4
37,sevcwenteigenp4
80,sevcwenteigenp4
35,sevcwenteigenp4
81,sevcwenteigenp4
26,sevcwenteigenp4
2,sevcwenteigenp4
32,sevcwenteigenp4
63,sevcwenteigenp4
92,sevcwenteigenp4
84,sevcwenteigenp4
94,sevcwenteigenp4
54,sevcwenteigenp4
89,sevcwenteigenp4
71,sevcwenteigenp4
66,sevcwenteigenp4
43,sevcwenteigenp4
10,sevcwenteigenp4
9,sevcwenteigenp5
7,sevcwenteigenp5
74,sevcwenteigenp5
84,sevcwenteigenp5
59,sevcwenteigenp5
27,sevcwenteigenp5
99,sevcwenteigenp5
33,sevcwenteigenp5
90,sevcwenteigenp5
25,sevcwenteigenp5
42,sevcwenteigenp5
85,sevcwenteigenp5
79,sevcwenteigenp5
96,sevcwenteigenp5
48,sevcwenteigenp5
95,sevcwenteigenp5
20,sevcwenteigenp5
14,sevcwenteigenp5
41,sevcwenteigenp5
47,sevcwenteigenp5
68,sevcwenteigenp5
21,sevcwenteigenp5
92,sevcwenteigenp5
23,sevcwenteigenp5
46,sevcwenteigenp5
62,sevcwenteigenp5
98,sevcwenteigenp5
40,sevcwenteigenp5
97,sevcwenteigenp5
77,sevcwenteigenp5
13,sevcwenteigenp5
55,sevcwenteigenp5
43,sevcwenteigenp5
81,sevcwenteigenp5
54,sevcwenteigenp5
86,sevcwenteigenp5
87,sevcwenteigenp5
53,sevcwenteigenp5
36,sevcwenteigenp5
12,sevcwenteigenp5
15,sevcwenteigenp5
24,sevcwenteigenp5
38,sevcwenteigenp5
50,sevcwenteigenp5
69,sevcwenteigenp5
83,sevcwenteigenp5
91,sevcwenteigenp5
30,sevcwenteigenp5
44,sevcwenteigenp5
11,sevcwenteigenp5
57,sevcwenteigenp5
80,sevcwenteigenp5
5,sevcwenteigenp5
37,sevcwenteigenp5
29,sevcwenteigenp5
94,sevcwenteigenp5
4,sevcwenteigenp5
73,sevcwenteigenp5
31,sevcwenteigenp5
26,sevcwenteigenp5
0,sevcwenteigenp5
2,sevcwenteigenp5
34,sevcwenteigenp5
39,sevcwenteigenp5
8,sevcwenteigenp5
64,sevcwenteigenp5
63,sevcwenteigenp5
17,sevcwenteigenp5
6,sevcwenteigenp5
71,sevcwenteigenp5
19,sevcwenteigenp5
18,sevcwenteigenp5
89,sevcwenteigenp5
65,sevcwenteigenp5
35,sevcwenteigenp5
75,sevcwenteigenp5
66,sevcwenteigenp5
10,sevcwenteigenp5
1,sicwxteigenp1
82,sicwxteigenp1
62,sicwxteigenp1
79,sicwxteigenp1
97,sicwxteigenp1
8,sicwxteigenp1
78,sicwxteigenp1
89,sicwxteigenp1
7,sicwxteigenp1
25,sicwxteigenp1
50,sicwxteigenp1
0,sicwxteigenp1
47,sicwxteigenp1
84,sicwxteigenp1
58,sicwxteigenp1
70,sicwxteigenp1
36,sicwxteigenp1
77,sicwxteigenp1
95,sicwxteigenp1
94,sicwxteigenp1
12,sicwxteigenp1
30,sicwxteigenp1
4,sicwxteigenp1
35,sicwxteigenp1
26,sicwxteigenp1
32,sicwxteigenp1
69,sicwxteigenp1
63,sicwxteigenp1
29,sicwxteigenp1
37,sicwxteigenp1
28,sicwxteigenp1
72,sicwxteigenp1
73,sicwxteigenp1
88,sicwxteigenp1
23,sicwxteigenp1
33,sicwxteigenp1
45,sicwxteigenp1
42,sicwxteigenp1
48,sicwxteigenp1
5,sicwxteigenp1
99,sicwxteigenp1
53,sicwxteigenp1
52,sicwxteigenp1
91,sicwxteigenp1
21,sicwxteigenp1
27,sicwxteigenp1
43,sicwxteigenp1
76,sicwxteigenp1
81,sicwxteigenp1
90,sicwxteigenp1
17,sicwxteigenp1
59,sicwxteigenp1
39,sicwxteigenp1
31,sicwxteigenp1
65,sicwxteigenp1
96,sicwxteigenp1
6,sicwxteigenp1
75,sicwxteigenp1
98,sicwxteigenp1
54,sicwxteigenp1
87,sicwxteigenp1
86,sicwxteigenp1
7,sicwxteigenp2
82,sicwxteigenp2
62,sicwxteigenp2
97,sicwxteigenp2
76,sicwxteigenp2
1,sicwxteigenp2
50,sicwxteigenp2
47,sicwxteigenp2
31,sicwxteigenp2
33,sicwxteigenp2
58,sicwxteigenp2
70,sicwxteigenp2
68,sicwxteigenp2
77,sicwxteigenp2
37,sicwxteigenp2
52,sicwxteigenp2
30,sicwxteigenp2
53,sicwxteigenp2
45,sicwxteigenp2
95,sicwxteigenp2
29,sicwxteigenp2
35,sicwxteigenp2
28,sicwxteigenp2
72,sicwxteigenp2
26,sicwxteigenp2
51,sicwxteigenp2
23,sicwxteigenp2
98,sicwxteigenp2
27,sicwxteigenp2
48,sicwxteigenp2
63,sicwxteigenp2
36,sicwxteigenp2
17,sicwxteigenp2
5,sicwxteigenp2
99,sicwxteigenp2
0,sicwxteigenp2
78,sicwxteigenp2
34,sicwxteigenp2
21,sicwxteigenp2
9,sicwxteigenp2
43,sicwxteigenp2
32,sicwxteigenp2
59,sicwxteigenp2
92,sicwxteigenp2
80,sicwxteigenp2
96,sicwxteigenp2
6,sicwxteigenp2
38,sicwxteigenp2
46,sicwxteigenp2
54,sicwxteigenp2
94,sicwxteigenp2
86,sicwxteigenp2
12,sicwxteigenp2
7,sicwxteigenp3
33,sicwxteigenp3
82,sicwxteigenp3
50,sicwxteigenp3
29,sicwxteigenp3
16,sicwxteigenp3
25,sicwxteigenp3
1,sicwxteigenp3
47,sicwxteigenp3
31,sicwxteigenp3
93,sicwxteigenp3
37,sicwxteigenp3
68,sicwxteigenp3
3,sicwxteigenp3
12,sicwxteigenp3
52,sicwxteigenp3
4,sicwxteigenp3
53,sicwxteigenp3
95,sicwxteigenp3
35,sicwxteigenp3
28,sicwxteigenp3
11,sicwxteigenp3
72,sicwxteigenp3
26,sicwxteigenp3
51,sicwxteigenp3
23,sicwxteigenp3
98,sicwxteigenp3
19,sicwxteigenp3
36,sicwxteigenp3
30,sicwxteigenp3
46,sicwxteigenp3
5,sicwxteigenp3
77,sicwxteigenp3
21,sicwxteigenp3
43,sicwxteigenp3
2,sicwxteigenp3
94,sicwxteigenp3
32,sicwxteigenp3
59,sicwxteigenp3
39,sicwxteigenp3
6,sicwxteigenp3
38,sicwxteigenp3
87,sicwxteigenp3
17,sicwxteigenp3
62,sicwxteigenp4
50,sicwxteigenp4
25,sicwxteigenp4
1,sicwxteigenp4
89,sicwxteigenp4
58,sicwxteigenp4
76,sicwxteigenp4
68,sicwxteigenp4
52,sicwxteigenp4
53,sicwxteigenp4
95,sicwxteigenp4
37,sicwxteigenp4
38,sicwxteigenp4
72,sicwxteigenp4
86,sicwxteigenp4
23,sicwxteigenp4
87,sicwxteigenp4
36,sicwxteigenp4
99,sicwxteigenp4
77,sicwxteigenp4
75,sicwxteigenp4
32,sicwxteigenp4
59,sicwxteigenp4
35,sicwxteigenp4
31,sicwxteigenp4
5,sicwxteigenp4
80,sicwxteigenp4
96,sicwxteigenp4
6,sicwxteigenp4
2,sicwxteigenp4
12,sicwxteigenp4
82,sicwxteigenp5
62,sicwxteigenp5
89,sicwxteigenp5
6,sicwxteigenp5
88,sicwxteigenp5
50,sicwxteigenp5
87,sicwxteigenp5
47,sicwxteigenp5
58,sicwxteigenp5
36,sicwxteigenp5
68,sicwxteigenp5
31,sicwxteigenp5
12,sicwxteigenp5
70,sicwxteigenp5
1,sicwxteigenp5
4,sicwxteigenp5
35,sicwxteigenp5
95,sicwxteigenp5
37,sicwxteigenp5
72,sicwxteigenp5
71,sicwxteigenp5
75,sicwxteigenp5
99,sicwxteigenp5
21,sicwxteigenp5
91,sicwxteigenp5
60,sicwxteigenp5
27,sicwxteigenp5
9,sicwxteigenp5
2,sicwxteigenp5
76,sicwxteigenp5
32,sicwxteigenp5
90,sicwxteigenp5
17,sicwxteigenp5
59,sicwxteigenp5
98,sicwxteigenp5
53,sicwxteigenp5
5,sicwxteigenp5
80,sicwxteigenp5
96,sicwxteigenp5
46,sicwxteigenp5
52,sicwxteigenp5
94,sicwxteigenp5
86,sicwxteigenp5
95,tcweignp2
39,tcweignp2
44,tcweignp2
84,tcweignp2
77,tcweignp2
36,tcweignp2
70,tcweignp2
32,tcweignp2
21,tcweignp2
97,tcweignp2
81,tcweignp2
79,tcweignp2
93,tcweignp2
83,tcweignp2
91,tcweignp2
7,tcweignp2
88,tcweignp2
56,tcweignp2
61,tcweignp2
28,tcweignp2
59,tcweignp2
33,tcweignp2
85,tcweignp2
89,tcweignp2
62,tcweignp2
99,tcweignp2
71,tcweignp2
40,tcweignp2
24,tcweignp2
37,tcweignp2
47,tcweignp2
82,tcweignp2
42,tcweignp2
53,tcweignp2
69,tcweignp2
66,tcweignp2
20,tcweignp2
26,tcweignp2
8,tcweignp2
73,tcweignp2
35,tcweignp2
87,tcweignp2
1,tcweignp2
4,tcweignp2
22,tcweignp2
57,tcweignp2
80,tcweignp2
10,tcweignp2
76,tcweignp2
55,tcweignp2
67,tcweignp2
15,tcweignp2
65,tcweignp2
27,tcweignp2
98,tcweignp2
86,tcweignp2
18,tcweignp2
49,tcweignp2
38,tcweignp2
34,tcweignp2
64,tcweignp2
51,tcweignp2
25,tcweignp2
16,tcweignp2
29,tcweignp2
5,tcweignp2
0,tcweignp2
74,tcweignp2
12,tcweignp2
17,tcweignp2
13,tcweignp2
9,tcweignp2
72,tcweignp2
2,tcweignp2
3,tcweignp2
58,tcweignp2
96,tcweignp2
31,tcweignp2
43,tcweignp2
14,tcweignp2
6,tcweignp2
30,tcweignp2
92,tcweignp2
48,tcweignp2
50,tcweignp2
23,tcweignp2
70,tcweignp3
94,tcweignp3
79,tcweignp3
93,tcweignp3
60,tcweignp3
91,tcweignp3
61,tcweignp3
62,tcweignp3
85,tcweignp3
77,tcweignp3
78,tcweignp3
89,tcweignp3
90,tcweignp3
80,tcweignp3
71,tcweignp3
72,tcweignp3
99,tcweignp3
65,tcweignp3
73,tcweignp3
69,tcweignp3
66,tcweignp3
52,tcweignp3
53,tcweignp3
96,tcweignp3
49,tcweignp3
49,tcweignp3
82,tcweignp3
83,tcweignp3
97,tcweignp3
95,tcweignp3
74,tcweignp3
76,tcweignp3
67,tcweignp3
51,tcweignp3
98,tcweignp3
54,tcweignp3
55,tcweignp3
58,tcweignp3
59,tcweignp3
92,tcweignp3
81,tcweignp3
48,tcweignp3
7,tcweignp4
70,tcweignp4
93,tcweignp4
88,tcweignp4
95,tcweignp4
91,tcweignp4
61,tcweignp4
85,tcweignp4
62,tcweignp4
44,tcweignp4
47,tcweignp4
42,tcweignp4
53,tcweignp4
21,tcweignp4
9,tcweignp4
69,tcweignp4
56,tcweignp4
24,tcweignp4
43,tcweignp4
96,tcweignp4
87,tcweignp4
36,tcweignp4
31,tcweignp4
75,tcweignp4
82,tcweignp4
97,tcweignp4
80,tcweignp4
98,tcweignp4
4,tcweignp4
64,tcweignp4
17,tcweignp4
30,tcweignp4
73,tcweignp4
13,tcweignp4
2,tcweignp4
72,tcweignp4
58,tcweignp4
79,tcweignp4
28,tcweignp4
83,tcweignp4
6,tcweignp4
92,tcweignp4
38,tcweignp4
50,tcweignp4
96,tcweignp5
9,tcweignp5
39,tcweignp5
85,tcweignp5
66,tcweignp5
75,tcweignp5
84,tcweignp5
20,tcweignp5
70,tcweignp5
79,tcweignp5
93,tcweignp5
83,tcweignp5
95,tcweignp5
60,tcweignp5
91,tcweignp5
7,tcweignp5
88,tcweignp5
61,tcweignp5
34,tcweignp5
89,tcweignp5
62,tcweignp5
40,tcweignp5
24,tcweignp5
59,tcweignp5
15,tcweignp5
45,tcweignp5
65,tcweignp5
42,tcweignp5
53,tcweignp5
16,tcweignp5
21,tcweignp5
69,tcweignp5
52,tcweignp5
8,tcweignp5
73,tcweignp5
3,tcweignp5
90,tcweignp5
25,tcweignp5
1,tcweignp5
22,tcweignp5
31,tcweignp5
26,tcweignp5
50,tcweignp5
72,tcweignp5
97,tcweignp5
80,tcweignp5
99,tcweignp5
36,tcweignp5
54,tcweignp5
98,tcweignp5
10,tcweignp5
4,tcweignp5
78,tcweignp5
67,tcweignp5
67,tcweignp5
35,tcweignp5
18,tcweignp5
49,tcweignp5
41,tcweignp5
64,tcweignp5
51,tcweignp5
19,tcweignp5
6,tcweignp5
5,tcweignp5
71,tcweignp5
74,tcweignp5
12,tcweignp5
13,tcweignp5
58,tcweignp5
76,tcweignp5
37,tcweignp5
87,tcweignp5
57,tcweignp5
30,tcweignp5
92,tcweignp5
2,tcweignp5
81,tcweignp5
77,tcweignp5
17,tcweignp5
38,tcweignp5
28,tcweignp5
32,tcweignp5
96,tcweignp6
95,tcweignp6
7,tcweignp6
39,tcweignp6
0,tcweignp6
84,tcweignp6
36,tcweignp6
20,tcweignp6
70,tcweignp6
78,tcweignp6
79,tcweignp6
93,tcweignp6
91,tcweignp6
56,tcweignp6
81,tcweignp6
12,tcweignp6
17,tcweignp6
89,tcweignp6
30,tcweignp6
62,tcweignp6
92,tcweignp6
98,tcweignp6
99,tcweignp6
52,tcweignp6
44,tcweignp6
47,tcweignp6
59,tcweignp6
45,tcweignp6
40,tcweignp6
82,tcweignp6
42,tcweignp6
69,tcweignp6
26,tcweignp6
43,tcweignp6
8,tcweignp6
63,tcweignp6
73,tcweignp6
3,tcweignp6
90,tcweignp6
1,tcweignp6
4,tcweignp6
22,tcweignp6
31,tcweignp6
5,tcweignp6
88,tcweignp6
97,tcweignp6
11,tcweignp6
80,tcweignp6
54,tcweignp6
77,tcweignp6
76,tcweignp6
67,tcweignp6
15,tcweignp6
65,tcweignp6
27,tcweignp6
14,tcweignp6
21,tcweignp6
34,tcweignp6
64,tcweignp6
32,tcweignp6
49,tcweignp6
25,tcweignp6
16,tcweignp6
37,tcweignp6
13,tcweignp6
85,tcweignp6
9,tcweignp6
72,tcweignp6
2,tcweignp6
58,tcweignp6
87,tcweignp6
57,tcweignp6
28,tcweignp6
83,tcweignp6
6,tcweignp6
48,tcweignp6
38,tcweignp6
9,tcwhrigeep1
10,tcwhrigeep1
34,tcwhrigeep1
31,tcwhrigeep1
3,tcwhrigeep1
78,tcwhrigeep1
67,tcwhrigeep1
54,tcwhrigeep1
18,tcwhrigeep1
48,tcwhrigeep1
20,tcwhrigeep1
97,tcwhrigeep1
88,tcwhrigeep1
99,tcwhrigeep1
61,tcwhrigeep1
84,tcwhrigeep1
7,tcwhrigeep1
19,tcwhrigeep1
90,tcwhrigeep1
29,tcwhrigeep1
40,tcwhrigeep1
17,tcwhrigeep1
41,tcwhrigeep1
21,tcwhrigeep1
45,tcwhrigeep1
44,tcwhrigeep1
32,tcwhrigeep1
70,tcwhrigeep1
53,tcwhrigeep1
14,tcwhrigeep1
66,tcwhrigeep1
46,tcwhrigeep1
81,tcwhrigeep1
22,tcwhrigeep1
77,tcwhrigeep1
69,tcwhrigeep1
76,tcwhrigeep1
11,tcwhrigeep1
8,tcwhrigeep1
52,tcwhrigeep1
89,tcwhrigeep1
1,tcwhrigeep1
56,tcwhrigeep1
93,tcwhrigeep1
91,tcwhrigeep1
65,tcwhrigeep1
49,tcwhrigeep1
4,tcwhrigeep1
68,tcwhrigeep1
55,tcwhrigeep1
43,tcwhrigeep1
12,tcwhrigeep1
42,tcwhrigeep1
95,tcwhrigeep1
60,tcwhrigeep1
79,tcwhrigeep1
35,tcwhrigeep1
16,tcwhrigeep1
58,tcwhrigeep1
0,tcwhrigeep1
50,tcwhrigeep1
57,tcwhrigeep1
62,tcwhrigeep1
39,tcwhrigeep1
82,tcwhrigeep1
37,tcwhrigeep1
92,tcwhrigeep1
38,tcwhrigeep1
87,tcwhrigeep1
63,tcwhrigeep1
80,tcwhrigeep1
6,tcwhrigeep1
72,tcwhrigeep1
5,tcwhrigeep1
26,tcwhrigeep1
2,tcwhrigeep1
36,tcwhrigeep1
94,tcwhrigeep1
15,tcwhrigeep1
25,tcwhrigeep1
92,tcwhrigeep2
34,tcwhrigeep2
31,tcwhrigeep2
36,tcwhrigeep2
66,tcwhrigeep2
47,tcwhrigeep2
55,tcwhrigeep2
99,tcwhrigeep2
32,tcwhrigeep2
40,tcwhrigeep2
17,tcwhrigeep2
45,tcwhrigeep2
41,tcwhrigeep2
83,tcwhrigeep2
95,tcwhrigeep2
26,tcwhrigeep2
35,tcwhrigeep2
56,tcwhrigeep2
93,tcwhrigeep2
76,tcwhrigeep2
79,tcwhrigeep2
23,tcwhrigeep2
91,tcwhrigeep2
39,tcwhrigeep2
94,tcwhrigeep2
33,tcwhrigeep2
42,tcwhrigeep2
57,tcwhrigeep2
48,tcwhrigeep2
21,tcwhrigeep2
62,tcwhrigeep2
82,tcwhrigeep2
29,tcwhrigeep2
89,tcwhrigeep2
87,tcwhrigeep2
37,tcwhrigeep2
77,tcwhrigeep2
90,tcwhrigeep2
13,tcwhrigeep2
98,tcwhrigeep2
24,tcwhrigeep2
15,tcwhrigeep2
25,tcwhrigeep2
92,tcwhrigeep3
34,tcwhrigeep3
31,tcwhrigeep3
7,tcwhrigeep3
44,tcwhrigeep3
95,tcwhrigeep3
66,tcwhrigeep3
47,tcwhrigeep3
55,tcwhrigeep3
20,tcwhrigeep3
99,tcwhrigeep3
61,tcwhrigeep3
84,tcwhrigeep3
65,tcwhrigeep3
32,tcwhrigeep3
79,tcwhrigeep3
78,tcwhrigeep3
77,tcwhrigeep3
80,tcwhrigeep3
98,tcwhrigeep3
17,tcwhrigeep3
64,tcwhrigeep3
22,tcwhrigeep3
41,tcwhrigeep3
70,tcwhrigeep3
68,tcwhrigeep3
9,tcwhrigeep3
69,tcwhrigeep3
29,tcwhrigeep3
11,tcwhrigeep3
67,tcwhrigeep3
52,tcwhrigeep3
4,tcwhrigeep3
56,tcwhrigeep3
93,tcwhrigeep3
76,tcwhrigeep3
45,tcwhrigeep3
37,tcwhrigeep3
91,tcwhrigeep3
30,tcwhrigeep3
94,tcwhrigeep3
33,tcwhrigeep3
48,tcwhrigeep3
27,tcwhrigeep3
63,tcwhrigeep3
59,tcwhrigeep3
42,tcwhrigeep3
86,tcwhrigeep3
35,tcwhrigeep3
58,tcwhrigeep3
21,tcwhrigeep3
0,tcwhrigeep3
50,tcwhrigeep3
60,tcwhrigeep3
39,tcwhrigeep3
82,tcwhrigeep3
89,tcwhrigeep3
43,tcwhrigeep3
38,tcwhrigeep3
53,tcwhrigeep3
87,tcwhrigeep3
74,tcwhrigeep3
90,tcwhrigeep3
13,tcwhrigeep3
83,tcwhrigeep3
6,tcwhrigeep3
72,tcwhrigeep3
5,tcwhrigeep3
40,tcwhrigeep3
26,tcwhrigeep3
2,tcwhrigeep3
36,tcwhrigeep3
75,tcwhrigeep3
85,tcwhrigeep3
25,tcwhrigeep3
81,tcwhrigeep3
88,tcwhrigeep3
51,tcwhrigeep3
92,tcwhrigeep4
36,tcwhrigeep4
7,tcwhrigeep4
67,tcwhrigeep4
31,tcwhrigeep4
6,tcwhrigeep4
99,tcwhrigeep4
84,tcwhrigeep4
2,tcwhrigeep4
32,tcwhrigeep4
83,tcwhrigeep4
10,tcwhrigeep4
45,tcwhrigeep4
66,tcwhrigeep4
68,tcwhrigeep4
41,tcwhrigeep4
52,tcwhrigeep4
56,tcwhrigeep4
4,tcwhrigeep4
76,tcwhrigeep4
37,tcwhrigeep4
91,tcwhrigeep4
42,tcwhrigeep4
88,tcwhrigeep4
21,tcwhrigeep4
0,tcwhrigeep4
35,tcwhrigeep4
89,tcwhrigeep4
77,tcwhrigeep4
23,tcwhrigeep4
13,tcwhrigeep4
92,tcwhrigeep5
31,tcwhrigeep5
36,tcwhrigeep5
66,tcwhrigeep5
54,tcwhrigeep5
67,tcwhrigeep5
51,tcwhrigeep5
10,tcwhrigeep5
99,tcwhrigeep5
84,tcwhrigeep5
32,tcwhrigeep5
1,tcwhrigeep5
77,tcwhrigeep5
40,tcwhrigeep5
98,tcwhrigeep5
17,tcwhrigeep5
13,tcwhrigeep5
45,tcwhrigeep5
6,tcwhrigeep5
70,tcwhrigeep5
16,tcwhrigeep5
68,tcwhrigeep5
41,tcwhrigeep5
12,tcwhrigeep5
83,tcwhrigeep5
34,tcwhrigeep5
5,tcwhrigeep5
8,tcwhrigeep5
59,tcwhrigeep5
95,tcwhrigeep5
52,tcwhrigeep5
56,tcwhrigeep5
76,tcwhrigeep5
23,tcwhrigeep5
91,tcwhrigeep5
25,tcwhrigeep5
64,tcwhrigeep5
94,tcwhrigeep5
43,tcwhrigeep5
33,tcwhrigeep5
14,tcwhrigeep5
72,tcwhrigeep5
42,tcwhrigeep5
35,tcwhrigeep5
57,tcwhrigeep5
48,tcwhrigeep5
21,tcwhrigeep5
49,tcwhrigeep5
62,tcwhrigeep5
39,tcwhrigeep5
82,tcwhrigeep5
89,tcwhrigeep5
50,tcwhrigeep5
2,tcwhrigeep5
53,tcwhrigeep5
87,tcwhrigeep5
37,tcwhrigeep5
78,tcwhrigeep5
90,tcwhrigeep5
26,tcwhrigeep5
24,tcwhrigeep5
15,tcwhrigeep5
81,tcwhrigeep5
88,tcwhrigeep5
61,tcwwenigtyp1
35,tcwwenigtyp1
7,tcwwenigtyp1
33,tcwwenigtyp1
93,tcwwenigtyp1
96,tcwwenigtyp1
95,tcwwenigtyp1
59,tcwwenigtyp1
6,tcwwenigtyp1
76,tcwwenigtyp1
29,tcwwenigtyp1
60,tcwwenigtyp1
23,tcwwenigtyp1
80,tcwwenigtyp1
41,tcwwenigtyp1
56,tcwwenigtyp1
67,tcwwenigtyp1
98,tcwwenigtyp1
78,tcwwenigtyp1
27,tcwwenigtyp1
90,tcwwenigtyp1
65,tcwwenigtyp1
4,tcwwenigtyp1
50,tcwwenigtyp1
38,tcwwenigtyp1
47,tcwwenigtyp1
89,tcwwenigtyp1
84,tcwwenigtyp1
24,tcwwenigtyp1
30,tcwwenigtyp1
39,tcwwenigtyp1
31,tcwwenigtyp1
87,tcwwenigtyp1
94,tcwwenigtyp1
81,tcwwenigtyp1
55,tcwwenigtyp1
2,tcwwenigtyp1
26,tcwwenigtyp1
5,tcwwenigtyp1
85,tcwwenigtyp1
43,tcwwenigtyp1
75,tcwwenigtyp1
44,tcwwenigtyp1
77,tcwwenigtyp1
17,tcwwenigtyp1
53,tcwwenigtyp1
7,tcwwenigtyp2
95,tcwwenigtyp2
25,tcwwenigtyp2
27,tcwwenigtyp2
9,tcwwenigtyp2
38,tcwwenigtyp2
5,tcwwenigtyp2
0,tcwwenigtyp2
4,tcwwenigtyp2
2,tcwwenigtyp2
6,tcwwenigtyp2
43,tcwwenigtyp2
44,tcwwenigtyp2
79,tcwwenigtyp3
7,tcwwenigtyp3
97,tcwwenigtyp3
96,tcwwenigtyp3
89,tcwwenigtyp3
62,tcwwenigtyp3
68,tcwwenigtyp3
16,tcwwenigtyp3
76,tcwwenigtyp3
33,tcwwenigtyp3
18,tcwwenigtyp3
29,tcwwenigtyp3
75,tcwwenigtyp3
28,tcwwenigtyp3
80,tcwwenigtyp3
23,tcwwenigtyp3
13,tcwwenigtyp3
73,tcwwenigtyp3
81,tcwwenigtyp3
56,tcwwenigtyp3
21,tcwwenigtyp3
37,tcwwenigtyp3
77,tcwwenigtyp3
67,tcwwenigtyp3
53,tcwwenigtyp3
98,tcwwenigtyp3
27,tcwwenigtyp3
14,tcwwenigtyp3
9,tcwwenigtyp3
35,tcwwenigtyp3
8,tcwwenigtyp3
3,tcwwenigtyp3
91,tcwwenigtyp3
60,tcwwenigtyp3
90,tcwwenigtyp3
65,tcwwenigtyp3
52,tcwwenigtyp3
40,tcwwenigtyp3
82,tcwwenigtyp3
66,tcwwenigtyp3
41,tcwwenigtyp3
58,tcwwenigtyp3
86,tcwwenigtyp3
22,tcwwenigtyp3
36,tcwwenigtyp3
34,tcwwenigtyp3
47,tcwwenigtyp3
54,tcwwenigtyp3
38,tcwwenigtyp3
74,tcwwenigtyp3
20,tcwwenigtyp3
4,tcwwenigtyp3
49,tcwwenigtyp3
64,tcwwenigtyp3
92,tcwwenigtyp3
84,tcwwenigtyp3
24,tcwwenigtyp3
63,tcwwenigtyp3
10,tcwwenigtyp3
39,tcwwenigtyp3
95,tcwwenigtyp3
94,tcwwenigtyp3
25,tcwwenigtyp3
88,tcwwenigtyp3
12,tcwwenigtyp3
50,tcwwenigtyp3
30,tcwwenigtyp3
99,tcwwenigtyp3
5,tcwwenigtyp3
0,tcwwenigtyp3
44,tcwwenigtyp3
19,tcwwenigtyp3
15,tcwwenigtyp3
78,tcwwenigtyp3
45,tcwwenigtyp3
59,tcwwenigtyp3
42,tcwwenigtyp3
72,tcwwenigtyp3
55,tcwwenigtyp3
2,tcwwenigtyp3
87,tcwwenigtyp3
26,tcwwenigtyp3
61,tcwwenigtyp3
71,tcwwenigtyp3
6,tcwwenigtyp3
70,tcwwenigtyp3
51,tcwwenigtyp3
11,tcwwenigtyp3
31,tcwwenigtyp3
85,tcwwenigtyp3
43,tcwwenigtyp3
17,tcwwenigtyp3
61,tcwwenigtyp4
97,tcwwenigtyp4
68,tcwwenigtyp4
33,tcwwenigtyp4
25,tcwwenigtyp4
35,tcwwenigtyp4
29,tcwwenigtyp4
31,tcwwenigtyp4
86,tcwwenigtyp4
81,tcwwenigtyp4
6,tcwwenigtyp4
18,tcwwenigtyp4
77,tcwwenigtyp4
98,tcwwenigtyp4
8,tcwwenigtyp4
52,tcwwenigtyp4
1,tcwwenigtyp4
4,tcwwenigtyp4
41,tcwwenigtyp4
89,tcwwenigtyp4
38,tcwwenigtyp4
24,tcwwenigtyp4
92,tcwwenigtyp4
30,tcwwenigtyp4
95,tcwwenigtyp4
94,tcwwenigtyp4
14,tcwwenigtyp4
99,tcwwenigtyp4
44,tcwwenigtyp4
42,tcwwenigtyp4
0,tcwwenigtyp4
28,tcwwenigtyp4
36,tcwwenigtyp4
9,tcwwenigtyp4
2,tcwwenigtyp4
87,tcwwenigtyp4
26,tcwwenigtyp4
74,tcwwenigtyp4
27,tcwwenigtyp4
73,tcwwenigtyp4
5,tcwwenigtyp4
70,tcwwenigtyp4
43,tcwwenigtyp4
17,tcwwenigtyp4
84,tcwwenigtyp4
47,tcwwenigtyp4
79,tcwwenigtyp5
7,tcwwenigtyp5
33,tcwwenigtyp5
14,tcwwenigtyp5
96,tcwwenigtyp5
62,tcwwenigtyp5
68,tcwwenigtyp5
93,tcwwenigtyp5
12,tcwwenigtyp5
16,tcwwenigtyp5
46,tcwwenigtyp5
59,tcwwenigtyp5
35,tcwwenigtyp5
48,tcwwenigtyp5
74,tcwwenigtyp5
25,tcwwenigtyp5
29,tcwwenigtyp5
31,tcwwenigtyp5
26,tcwwenigtyp5
75,tcwwenigtyp5
28,tcwwenigtyp5
80,tcwwenigtyp5
0,tcwwenigtyp5
83,tcwwenigtyp5
86,tcwwenigtyp5
3,tcwwenigtyp5
73,tcwwenigtyp5
41,tcwwenigtyp5
97,tcwwenigtyp5
56,tcwwenigtyp5
91,tcwwenigtyp5
39,tcwwenigtyp5
6,tcwwenigtyp5
18,tcwwenigtyp5
21,tcwwenigtyp5
77,tcwwenigtyp5
32,tcwwenigtyp5
67,tcwwenigtyp5
98,tcwwenigtyp5
82,tcwwenigtyp5
78,tcwwenigtyp5
27,tcwwenigtyp5
88,tcwwenigtyp5
69,tcwwenigtyp5
8,tcwwenigtyp5
57,tcwwenigtyp5
22,tcwwenigtyp5
23,tcwwenigtyp5
60,tcwwenigtyp5
49,tcwwenigtyp5
53,tcwwenigtyp5
90,tcwwenigtyp5
65,tcwwenigtyp5
1,tcwwenigtyp5
52,tcwwenigtyp5
50,tcwwenigtyp5
66,tcwwenigtyp5
58,tcwwenigtyp5
47,tcwwenigtyp5
54,tcwwenigtyp5
84,tcwwenigtyp5
64,tcwwenigtyp5
95,tcwwenigtyp5
92,tcwwenigtyp5
76,tcwwenigtyp5
63,tcwwenigtyp5
13,tcwwenigtyp5
10,tcwwenigtyp5
87,tcwwenigtyp5
89,tcwwenigtyp5
94,tcwwenigtyp5
40,tcwwenigtyp5
38,tcwwenigtyp5
24,tcwwenigtyp5
20,tcwwenigtyp5
30,tcwwenigtyp5
99,tcwwenigtyp5
5,tcwwenigtyp5
37,tcwwenigtyp5
72,tcwwenigtyp5
45,tcwwenigtyp5
42,tcwwenigtyp5
81,tcwwenigtyp5
36,tcwwenigtyp5
9,tcwwenigtyp5
55,tcwwenigtyp5
2,tcwwenigtyp5
61,tcwwenigtyp5
11,tcwwenigtyp5
71,tcwwenigtyp5
70,tcwwenigtyp5
15,tcwwenigtyp5
85,tcwwenigtyp5
43,tcwwenigtyp5
44,tcwwenigtyp5
17,tcwwenigtyp5
34,tcwwenigtyp5
54,tcwwigop1
37,tcwwigop1
62,tcwwigop1
93,tcwwigop1
58,tcwwigop1
47,tcwwigop1
28,tcwwigop1
44,tcwwigop1
26,tcwwigop1
24,tcwwigop1
71,tcwwigop1
90,tcwwigop1
85,tcwwigop1
32,tcwwigop1
88,tcwwigop1
25,tcwwigop1
50,tcwwigop1
97,tcwwigop1
68,tcwwigop1
48,tcwwigop1
2,tcwwigop1
35,tcwwigop1
5,tcwwigop1
92,tcwwigop1
49,tcwwigop1
36,tcwwigop2
37,tcwwigop2
80,tcwwigop2
98,tcwwigop2
34,tcwwigop2
7,tcwwigop2
62,tcwwigop2
41,tcwwigop2
58,tcwwigop2
82,tcwwigop2
6,tcwwigop2
86,tcwwigop2
26,tcwwigop2
71,tcwwigop2
21,tcwwigop2
44,tcwwigop2
18,tcwwigop2
24,tcwwigop2
90,tcwwigop2
85,tcwwigop2
76,tcwwigop2
1,tcwwigop2
63,tcwwigop2
88,tcwwigop2
74,tcwwigop2
32,tcwwigop2
28,tcwwigop2
83,tcwwigop2
91,tcwwigop2
45,tcwwigop2
79,tcwwigop2
39,tcwwigop2
52,tcwwigop2
51,tcwwigop2
70,tcwwigop2
30,tcwwigop2
5,tcwwigop2
0,tcwwigop2
46,tcwwigop2
68,tcwwigop2
97,tcwwigop2
4,tcwwigop2
60,tcwwigop2
81,tcwwigop2
9,tcwwigop2
95,tcwwigop2
2,tcwwigop2
48,tcwwigop2
35,tcwwigop2
25,tcwwigop2
54,tcwwigop2
33,tcwwigop2
16,tcwwigop2
93,tcwwigop2
47,tcwwigop2
92,tcwwigop2
73,tcwwigop2
78,tcwwigop2
94,tcwwigop2
49,tcwwigop2
75,tcwwigop2
1,tcwwigop3
7,tcwwigop3
93,tcwwigop3
37,tcwwigop3
98,tcwwigop3
38,tcwwigop3
48,tcwwigop3
56,tcwwigop3
62,tcwwigop3
58,tcwwigop3
91,tcwwigop3
28,tcwwigop3
26,tcwwigop3
44,tcwwigop3
8,tcwwigop3
60,tcwwigop3
41,tcwwigop3
24,tcwwigop3
71,tcwwigop3
90,tcwwigop3
85,tcwwigop3
88,tcwwigop3
74,tcwwigop3
32,tcwwigop3
25,tcwwigop3
33,tcwwigop3
22,tcwwigop3
31,tcwwigop3
39,tcwwigop3
52,tcwwigop3
73,tcwwigop3
43,tcwwigop3
50,tcwwigop3
70,tcwwigop3
68,tcwwigop3
79,tcwwigop3
97,tcwwigop3
95,tcwwigop3
2,tcwwigop3
35,tcwwigop3
65,tcwwigop3
5,tcwwigop3
47,tcwwigop3
92,tcwwigop3
94,tcwwigop3
49,tcwwigop3
54,tcwwigop4
7,tcwwigop4
37,tcwwigop4
1,tcwwigop4
28,tcwwigop4
60,tcwwigop4
6,tcwwigop4
44,tcwwigop4
26,tcwwigop4
8,tcwwigop4
41,tcwwigop4
24,tcwwigop4
85,tcwwigop4
59,tcwwigop4
32,tcwwigop4
25,tcwwigop4
22,tcwwigop4
68,tcwwigop4
35,tcwwigop4
4,tcwwigop4
48,tcwwigop4
9,tcwwigop4
95,tcwwigop4
2,tcwwigop4
36,tcwwigop4
5,tcwwigop4
30,tcwwigop4
47,tcwwigop4
49,tcwwigop4
93,tcwwigop4
1,tcwwigop5
7,tcwwigop5
30,tcwwigop5
37,tcwwigop5
73,tcwwigop5
28,tcwwigop5
56,tcwwigop5
77,tcwwigop5
82,tcwwigop5
80,tcwwigop5
87,tcwwigop5
58,tcwwigop5
36,tcwwigop5
91,tcwwigop5
71,tcwwigop5
42,tcwwigop5
61,tcwwigop5
44,tcwwigop5
19,tcwwigop5
26,tcwwigop5
8,tcwwigop5
60,tcwwigop5
47,tcwwigop5
41,tcwwigop5
24,tcwwigop5
4,tcwwigop5
90,tcwwigop5
85,tcwwigop5
76,tcwwigop5
79,tcwwigop5
93,tcwwigop5
63,tcwwigop5
88,tcwwigop5
74,tcwwigop5
32,tcwwigop5
34,tcwwigop5
25,tcwwigop5
83,tcwwigop5
21,tcwwigop5
35,tcwwigop5
31,tcwwigop5
39,tcwwigop5
52,tcwwigop5
50,tcwwigop5
70,tcwwigop5
67,tcwwigop5
5,tcwwigop5
81,tcwwigop5
46,tcwwigop5
68,tcwwigop5
97,tcwwigop5
48,tcwwigop5
95,tcwwigop5
2,tcwwigop5
54,tcwwigop5
75,tcwwigop5
33,tcwwigop5
98,tcwwigop5
65,tcwwigop5
6,tcwwigop5
49,tcwwigop5
92,tcwwigop5
72,tcwwigop5
94,tcwwigop5
1,thcwirteigenp1
7,thcwirteigenp1
18,thcwirteigenp1
6,thcwirteigenp1
58,thcwirteigenp1
36,thcwirteigenp1
97,thcwirteigenp1
8,thcwirteigenp1
28,thcwirteigenp1
29,thcwirteigenp1
13,thcwirteigenp1
86,thcwirteigenp1
0,thcwirteigenp1
2,thcwirteigenp1
5,thcwirteigenp1
1,thcwirteigenp2
33,thcwirteigenp2
97,thcwirteigenp2
35,thcwirteigenp2
18,thcwirteigenp2
34,thcwirteigenp2
26,thcwirteigenp2
95,thcwirteigenp2
10,thcwirteigenp2
93,thcwirteigenp2
86,thcwirteigenp2
50,thcwirteigenp2
28,thcwirteigenp2
13,thcwirteigenp2
42,thcwirteigenp2
81,thcwirteigenp2
73,thcwirteigenp2
89,thcwirteigenp2
36,thcwirteigenp2
2,thcwirteigenp2
6,thcwirteigenp2
32,thcwirteigenp2
7,thcwirteigenp3
18,thcwirteigenp3
90,thcwirteigenp3
6,thcwirteigenp3
79,thcwirteigenp3
99,thcwirteigenp3
58,thcwirteigenp3
97,thcwirteigenp3
92,thcwirteigenp3
93,thcwirteigenp3
95,thcwirteigenp3
10,thcwirteigenp3
65,thcwirteigenp3
94,thcwirteigenp3
45,thcwirteigenp3
13,thcwirteigenp3
76,thcwirteigenp3
86,thcwirteigenp3
42,thcwirteigenp3
81,thcwirteigenp3
73,thcwirteigenp3
89,thcwirteigenp3
87,thcwirteigenp3
2,thcwirteigenp3
5,thcwirteigenp3
60,thcwirteigenp3
85,thcwirteigenp3
32,thcwirteigenp3
53,thcwirteigenp3
29,thcwirteigenp3
26,thcwirteigenp4
7,thcwirteigenp4
35,thcwirteigenp4
70,thcwirteigenp4
50,thcwirteigenp4
30,thcwirteigenp4
31,thcwirteigenp4
38,thcwirteigenp4
32,thcwirteigenp4
25,thcwirteigenp4
8,thcwirteigenp4
58,thcwirteigenp4
18,thcwirteigenp4
20,thcwirteigenp4
27,thcwirteigenp4
37,thcwirteigenp4
1,thcwirteigenp4
4,thcwirteigenp4
42,thcwirteigenp4
45,thcwirteigenp4
29,thcwirteigenp4
36,thcwirteigenp4
13,thcwirteigenp4
81,thcwirteigenp4
73,thcwirteigenp4
17,thcwirteigenp4
9,thcwirteigenp4
2,thcwirteigenp4
66,thcwirteigenp4
49,thcwirteigenp4
5,thcwirteigenp4
6,thcwirteigenp4
33,thcwirteigenp4
34,thcwirteigenp4
7,thcwirteigenp5
18,thcwirteigenp5
82,thcwirteigenp5
96,thcwirteigenp5
79,thcwirteigenp5
36,thcwirteigenp5
90,thcwirteigenp5
97,thcwirteigenp5
92,thcwirteigenp5
26,thcwirteigenp5
95,thcwirteigenp5
60,thcwirteigenp5
55,thcwirteigenp5
8,thcwirteigenp5
58,thcwirteigenp5
86,thcwirteigenp5
65,thcwirteigenp5
20,thcwirteigenp5
94,thcwirteigenp5
1,thcwirteigenp5
16,thcwirteigenp5
28,thcwirteigenp5
29,thcwirteigenp5
13,thcwirteigenp5
30,thcwirteigenp5
76,thcwirteigenp5
42,thcwirteigenp5
34,thcwirteigenp5
89,thcwirteigenp5
87,thcwirteigenp5
4,thcwirteigenp5
2,thcwirteigenp5
5,thcwirteigenp5
85,thcwirteigenp5
6,thcwirteigenp5
32,thcwirteigenp5
40,twcweligvep1
77,twcweligvep1
1,twcweligvep1
72,twcweligvep1
7,twcweligvep1
31,twcweligvep1
25,twcweligvep1
94,twcweligvep1
6,twcweligvep1
36,twcweligvep1
84,twcweligvep1
32,twcweligvep1
44,twcweligvep1
88,twcweligvep1
18,twcweligvep1
24,twcweligvep1
8,twcweligvep1
58,twcweligvep1
37,twcweligvep1
34,twcweligvep1
28,twcweligvep1
4,twcweligvep1
33,twcweligvep1
52,twcweligvep1
91,twcweligvep1
27,twcweligvep1
96,twcweligvep1
53,twcweligvep1
56,twcweligvep1
65,twcweligvep1
85,twcweligvep1
23,twcweligvep1
49,twcweligvep1
93,twcweligvep1
47,twcweligvep1
5,twcweligvep1
42,twcweligvep1
15,twcweligvep1
73,twcweligvep1
67,twcweligvep1
30,twcweligvep1
39,twcweligvep1
2,twcweligvep1
26,twcweligvep1
92,twcweligvep1
95,twcweligvep1
75,twcweligvep1
97,twcweligvep1
86,twcweligvep1
38,twcweligvep1
90,twcweligvep1
62,twcweligvep1
51,twcweligvep1
89,twcweligvep1
35,twcweligvep1
81,twcweligvep1
64,twcweligvep1
64,twcweligvep2
72,twcweligvep2
7,twcweligvep2
31,twcweligvep2
94,twcweligvep2
99,twcweligvep2
84,twcweligvep2
77,twcweligvep2
32,twcweligvep2
25,twcweligvep2
57,twcweligvep2
92,twcweligvep2
24,twcweligvep2
42,twcweligvep2
44,twcweligvep2
85,twcweligvep2
86,twcweligvep2
28,twcweligvep2
4,twcweligvep2
35,twcweligvep2
52,twcweligvep2
27,twcweligvep2
76,twcweligvep2
93,twcweligvep2
73,twcweligvep2
47,twcweligvep2
53,twcweligvep2
9,twcweligvep2
39,twcweligvep2
2,twcweligvep2
26,twcweligvep2
91,twcweligvep2
95,twcweligvep2
75,twcweligvep2
97,twcweligvep2
6,twcweligvep2
90,twcweligvep2
16,twcweligvep2
81,twcweligvep2
80,twcweligvep2
40,twcweligvep3
72,twcweligvep3
7,twcweligvep3
25,twcweligvep3
41,twcweligvep3
26,twcweligvep3
42,twcweligvep3
84,twcweligvep3
32,twcweligvep3
15,twcweligvep3
92,twcweligvep3
88,twcweligvep3
29,twcweligvep3
44,twcweligvep3
68,twcweligvep3
1,twcweligvep3
33,twcweligvep3
27,twcweligvep3
31,twcweligvep3
96,twcweligvep3
54,twcweligvep3
43,twcweligvep3
85,twcweligvep3
23,twcweligvep3
49,twcweligvep3
93,twcweligvep3
94,twcweligvep3
47,twcweligvep3
0,twcweligvep3
73,twcweligvep3
53,twcweligvep3
38,twcweligvep3
2,twcweligvep3
34,twcweligvep3
90,twcweligvep3
91,twcweligvep3
95,twcweligvep3
89,twcweligvep3
75,twcweligvep3
5,twcweligvep3
6,twcweligvep3
36,twcweligvep3
46,twcweligvep3
35,twcweligvep3
64,twcweligvep4
40,twcweligvep4
1,twcweligvep4
7,twcweligvep4
6,twcweligvep4
10,twcweligvep4
77,twcweligvep4
32,twcweligvep4
73,twcweligvep4
24,twcweligvep4
8,twcweligvep4
3,twcweligvep4
85,twcweligvep4
4,twcweligvep4
94,twcweligvep4
52,twcweligvep4
91,twcweligvep4
95,twcweligvep4
27,twcweligvep4
46,twcweligvep4
92,twcweligvep4
0,twcweligvep4
54,twcweligvep4
86,twcweligvep4
53,twcweligvep4
93,twcweligvep4
47,twcweligvep4
9,twcweligvep4
90,twcweligvep4
2,twcweligvep4
26,twcweligvep4
12,twcweligvep4
97,twcweligvep4
5,twcweligvep4
64,twcweligvep5
40,twcweligvep5
9,twcweligvep5
1,twcweligvep5
72,twcweligvep5
7,twcweligvep5
25,twcweligvep5
94,twcweligvep5
26,twcweligvep5
84,twcweligvep5
77,twcweligvep5
78,twcweligvep5
32,twcweligvep5
15,twcweligvep5
73,twcweligvep5
24,twcweligvep5
8,twcweligvep5
37,twcweligvep5
4,twcweligvep5
93,twcweligvep5
33,twcweligvep5
28,twcweligvep5
91,twcweligvep5
95,twcweligvep5
27,twcweligvep5
31,twcweligvep5
53,twcweligvep5
23,twcweligvep5
47,twcweligvep5
92,twcweligvep5
39,twcweligvep5
90,twcweligvep5
12,twcweligvep5
97,twcweligvep5
96,twcweligvep5
89,twcweligvep5
35,twcweligvep5
